,UU2010_UU2,Partition,ACT_TOTAL
0,04102,56,1048.0
1,04103,56,1255.0
2,04104,56,1458.0
3,08201,0,1924.0
4,08202,0,2234.0
5,08203,0,2618.0
6,08204,0,2655.0
7,08205,0,2267.0
8,08206,1,3038.0
9,16401,2,10672.0
10,45101,5,976.0
11,45102,5,1200.0
12,45103,5,1230.0
13,45104,5,1308.0
14,49201,3,2055.0
15,49202,3,2570.0
16,49203,3,2795.0
17,49204,3,3002.0
18,49205,3,2953.0
19,49206,3,3003.0
20,49207,3,3001.0
21,49208,3,2876.0
22,49209,3,3056.0
23,49210,3,3222.0
24,49211,3,2995.0
25,49212,3,3293.0
26,49213,3,3150.0
27,61201,88,1645.0
28,12301,93,4576.0
29,33301,28,3955.0
30,12302,94,5133.0
31,86102,43,943.0
32,86103,43,979.0
33,86104,43,1264.0
34,90201,4,2522.0
35,86106,43,1259.0
36,86107,43,1393.0
37,86108,43,1296.0
38,86109,43,1244.0
39,86110,43,1504.0
40,86111,43,1876.0
41,86112,43,1953.0
42,86113,95,1259.0
43,86114,43,2063.0
44,86115,43,2269.0
45,04201,56,2429.0
46,04202,56,2133.0
47,04203,56,2690.0
48,04204,56,2924.0
49,08301,0,3869.0
50,67108,35,1164.0
51,52105,80,1603.0
52,12401,90,8859.0
53,12402,89,21941.0
54,28101,20,1149.0
55,67109,35,1182.0
56,41102,5,1133.0
57,41103,5,1137.0
58,41104,5,932.0
59,41105,5,1098.0
60,41106,5,1410.0
61,41107,5,1841.0
62,41108,5,1504.0
63,49301,3,4740.0
64,41110,5,1797.0
65,00151,4,448.0
66,45208,5,4185.0
67,00153,6,390.0
68,55107,109,1523.0
69,57501,7,29299.0
70,00158,8,220.0
71,00160,6,1065.0
72,00161,9,637.0
73,00163,10,1432.0
74,60102,15,953.0
75,00167,11,861.0
76,00168,12,1717.0
77,00169,4,376.0
78,00171,13,1726.0
79,76112,12,1230.0
80,82101,14,1342.0
81,82102,14,1275.0
82,82104,14,1843.0
83,82105,14,2105.0
84,86202,43,2477.0
85,86203,43,2728.0
86,90301,4,3978.0
87,19101,24,941.0
88,60107,20,1106.0
89,60108,20,1344.0
90,77204,20,2335.0
91,04301,56,6743.0
92,08401,0,9117.0
93,60110,15,1236.0
94,16601,2,41699.0
95,17105,2,989.0
96,77205,20,3082.0
97,37106,5,1944.0
98,76114,71,1270.0
99,17106,44,871.0
100,37102,5,1188.0
101,37103,5,1453.0
102,37104,5,1589.0
103,37105,5,1824.0
104,41202,5,2478.0
105,41203,5,2639.0
106,41204,10,2602.0
107,41205,16,2687.0
108,45302,5,4655.0
109,45303,5,5523.0
110,37112,5,2307.0
111,49401,3,10541.0
112,00251,17,1048.0
113,00252,14,112.0
114,00253,11,2144.0
115,00254,18,199.0
116,17109,2,1200.0
117,00256,19,1587.0
118,57601,7,54783.0
119,53201,91,2688.0
120,00259,4,450.0
121,00260,20,2592.0
122,00261,4,1008.0
123,00262,21,1767.0
124,00263,22,496.0
125,00264,23,1167.0
126,00265,24,2197.0
127,00266,7,614.0
128,00267,4,1289.0
129,00268,20,1081.0
130,00269,25,868.0
131,00270,9,3279.0
132,00271,26,208.0
133,00272,4,662.0
134,00273,11,1008.0
135,78103,20,1368.0
136,82201,14,2245.0
137,82202,27,2728.0
138,82203,14,2641.0
139,82204,14,4047.0
140,17114,44,1388.0
141,17115,2,1237.0
142,17116,2,1593.0
143,17117,2,1920.0
144,04401,56,11305.0
145,50301,21,6294.0
146,08501,0,22363.0
147,45108,5,1425.0
148,60127,20,2594.0
149,53203,91,2616.0
150,45109,5,1285.0
151,87301,24,4283.0
152,45110,5,1565.0
153,45111,20,1424.0
154,33101,28,899.0
155,33102,28,1174.0
156,33103,28,1128.0
157,33105,28,1168.0
158,33106,28,1469.0
159,37203,5,2730.0
160,33108,28,1737.0
161,41301,5,5755.0
162,33110,28,1851.0
163,33111,28,1632.0
164,33112,28,2096.0
165,33113,28,2145.0
166,33114,28,1824.0
167,33115,28,1716.0
168,33116,28,1950.0
169,33117,28,1722.0
170,33118,28,2131.0
171,00351,14,3087.0
172,33120,28,1925.0
173,33121,28,2044.0
174,00354,28,3087.0
175,33123,28,2392.0
176,00356,20,2125.0
177,57701,7,122213.0
178,00358,9,2956.0
179,00359,20,4581.0
180,00360,9,3060.0
181,00361,20,3574.0
182,00362,30,2513.0
183,00363,12,1064.0
184,00364,31,1605.0
185,00365,19,6468.0
186,00366,32,4147.0
187,35201,37,2209.0
188,77203,20,2369.0
189,74101,9,1167.0
190,74102,9,1545.0
191,74103,29,1487.0
192,74104,29,1828.0
193,74105,29,1478.0
194,78202,20,2832.0
195,74107,29,1631.0
196,74108,33,1846.0
197,74109,29,1683.0
198,78206,20,4774.0
199,74111,9,1974.0
200,74112,29,1998.0
201,74113,9,2044.0
202,74114,34,2352.0
203,74115,29,2421.0
204,74116,9,2509.0
205,81302,14,3791.0
206,77207,20,3978.0
207,02114,0,1124.0
208,77208,20,3102.0
209,44204,19,3197.0
210,04105,56,1432.0
211,30105,25,1087.0
212,78302,20,6936.0
213,67118,35,1448.0
214,22109,17,1342.0
215,18501,61,32701.0
216,34204,30,2495.0
217,35203,37,1850.0
218,29101,98,741.0
219,29102,98,885.0
220,30109,36,1271.0
221,29104,98,769.0
222,33201,28,1764.0
223,33202,28,2095.0
224,33203,28,1768.0
225,33204,28,2675.0
226,33205,28,3482.0
227,29110,98,1507.0
228,33207,28,3459.0
229,33208,28,2594.0
230,41401,5,8466.0
231,33210,28,4187.0
232,38303,9,9216.0
233,61105,86,965.0
234,45501,96,19553.0
235,29118,98,1368.0
236,29119,98,1596.0
237,29120,98,1356.0
238,30112,30,1432.0
239,29122,45,1525.0
240,00451,11,6615.0
241,00452,37,1228.0
242,00453,12,5774.0
243,00454,7,5653.0
244,00455,28,652.0
245,00456,36,5601.0
246,00457,25,5759.0
247,00458,37,3276.0
248,00459,20,4256.0
249,00460,0,10262.0
250,00461,38,1449.0
251,00462,29,619.0
252,00463,30,3591.0
253,00464,4,18745.0
254,34211,30,3553.0
255,70101,4,1276.0
256,70102,4,1204.0
257,70104,4,1520.0
258,74201,29,2862.0
259,74202,9,2435.0
260,74203,29,3469.0
261,74204,9,3177.0
262,74205,9,4680.0
263,74206,9,5569.0
264,78303,20,8203.0
265,82401,14,8929.0
266,54202,32,2061.0
267,34214,30,3165.0
268,35205,37,2234.0
269,49117,3,1545.0
270,30119,30,1687.0
271,66301,41,4110.0
272,66303,41,5133.0
273,86101,43,812.0
274,11201,41,1887.0
275,35206,37,3080.0
276,62209,99,3484.0
277,25101,4,900.0
278,25103,4,1135.0
279,25104,39,1225.0
280,25105,4,1024.0
281,25106,4,1268.0
282,25107,4,1484.0
283,29204,98,2261.0
284,29205,98,2450.0
285,25110,4,1765.0
286,33303,28,5505.0
287,25112,4,1835.0
288,25113,4,2062.0
289,25114,4,2600.0
290,29211,98,3465.0
291,29212,98,2860.0
292,41501,5,25863.0
293,11202,41,1660.0
294,35207,37,2627.0
295,49701,3,85017.0
296,00551,25,3831.0
297,00552,36,1340.0
298,00553,40,19842.0
299,00554,24,703.0
300,00555,4,537.0
301,00556,11,30179.0
302,38208,9,4526.0
303,66102,41,789.0
304,66103,41,916.0
305,66104,41,917.0
306,66105,41,942.0
307,66106,41,1223.0
308,66107,41,683.0
309,66108,41,1037.0
310,74301,29,6172.0
311,74302,9,6808.0
312,66111,41,1391.0
313,66112,41,1539.0
314,66113,41,1392.0
315,66114,41,1292.0
316,66115,41,1840.0
317,66116,41,1675.0
318,82501,14,29268.0
319,66118,41,1473.0
320,43105,11,2104.0
321,86601,43,51989.0
322,31117,14,2411.0
323,44202,19,2512.0
324,60305,20,6672.0
325,81202,14,2268.0
326,21101,4,965.0
327,21102,4,1128.0
328,21103,4,1006.0
329,25201,4,2162.0
330,25202,4,2668.0
331,25203,4,2377.0
332,25204,42,4718.0
333,21109,87,1752.0
334,21110,4,1988.0
335,29303,98,5097.0
336,29304,45,5598.0
337,33401,28,14198.0
338,29306,98,5006.0
339,29307,98,5680.0
340,29308,98,7156.0
341,60306,20,7894.0
342,45701,5,117249.0
343,00651,25,8654.0
344,00652,29,16525.0
345,22117,17,1420.0
346,62101,6,939.0
347,62102,6,981.0
348,62104,6,1071.0
349,66201,41,1848.0
350,66202,41,1869.0
351,66203,41,1849.0
352,66204,41,1852.0
353,66205,41,2878.0
354,66206,41,3417.0
355,70303,4,4530.0
356,62112,23,1459.0
357,62113,23,1539.0
358,62114,99,936.0
359,62115,23,1547.0
360,62116,6,1210.0
361,62117,6,1710.0
362,62118,6,1691.0
363,44113,19,2104.0
364,79303,43,7253.0
365,71112,4,1714.0
366,83401,36,8070.0
367,28106,20,1272.0
368,17102,2,1104.0
369,17103,2,892.0
370,17104,2,818.0
371,21201,4,2374.0
372,21202,4,2428.0
373,17107,2,1142.0
374,17108,2,897.0
375,21205,87,2236.0
376,17110,2,1059.0
377,17111,2,1238.0
378,17113,2,1649.0
379,29402,98,8965.0
380,29403,98,10295.0
381,29404,98,9453.0
382,33501,28,23003.0
383,17119,2,1721.0
384,33304,28,6700.0
385,00751,22,82790.0
386,00752,6,19004.0
387,00753,11,134953.0
388,00754,36,8488.0
389,00755,12,4829.0
390,00756,6,53557.0
391,00757,36,14063.0
392,00758,11,2285.0
393,58103,18,979.0
394,58104,18,1575.0
395,58105,18,1118.0
396,62202,23,2255.0
397,62203,23,2343.0
398,62204,23,2376.0
399,62205,23,2770.0
400,66302,41,4541.0
401,62207,23,2741.0
402,62208,23,3334.0
403,70401,4,11973.0
404,62210,6,3565.0
405,60203,20,2349.0
406,33305,28,5899.0
407,74501,29,31863.0
408,74502,29,38929.0
409,60204,20,2998.0
410,60205,20,3175.0
411,56110,45,1353.0
412,56111,45,1678.0
413,33306,28,8378.0
414,76111,12,1042.0
415,17201,46,1834.0
416,13106,36,1371.0
417,13102,36,1033.0
418,13103,36,1404.0
419,13104,36,1548.0
420,13105,36,1365.0
421,17202,2,1733.0
422,13107,36,1633.0
423,17204,44,2468.0
424,17205,2,2092.0
425,13110,36,2197.0
426,17207,2,2838.0
427,25401,4,9810.0
428,29501,98,33812.0
429,13109,36,1902.0
430,84107,25,1465.0
431,17206,2,2962.0
432,84108,36,1712.0
433,13111,36,1884.0
434,84109,70,1487.0
435,00851,20,281905.0
436,54101,32,968.0
437,54102,32,1063.0
438,54104,7,1108.0
439,58201,18,2945.0
440,54106,7,1308.0
441,54107,32,1454.0
442,54108,7,1678.0
443,54109,7,1771.0
444,54110,7,1810.0
445,54112,7,1900.0
446,66401,41,16831.0
447,38304,11,8914.0
448,45201,96,2058.0
449,74601,9,73248.0
450,45202,5,2729.0
451,45203,5,2139.0
452,45204,5,3172.0
453,95101,20,1156.0
454,45205,5,3056.0
455,95104,20,1526.0
456,95105,20,1684.0
457,49302,3,4922.0
458,41111,5,1420.0
459,09101,14,1105.0
460,09102,14,913.0
461,09104,14,1480.0
462,09105,14,1896.0
463,13202,36,2030.0
464,13203,36,2212.0
465,13204,36,2295.0
466,17301,2,3894.0
467,13206,36,2642.0
468,45209,5,3847.0
469,13208,36,3086.0
470,13209,36,2863.0
471,13210,36,3730.0
472,13211,36,3129.0
473,13212,36,3683.0
474,13213,36,3936.0
475,13214,36,3036.0
476,37701,5,142750.0
477,33701,28,365474.0
478,06106,55,1572.0
479,69106,85,1378.0
480,69107,11,2132.0
481,50104,21,1200.0
482,50105,21,913.0
483,50106,21,1478.0
484,50107,47,1690.0
485,50108,48,1372.0
486,54205,7,2845.0
487,50110,47,1690.0
488,50111,21,1656.0
489,50112,21,1925.0
490,50113,21,1702.0
491,77305,20,6739.0
492,68501,35,38729.0
493,70302,4,3875.0
494,91101,20,1384.0
495,91102,20,1315.0
496,91103,20,1244.0
497,91104,20,1551.0
498,95201,20,2472.0
499,91106,20,1841.0
500,26107,11,1630.0
501,26108,25,1885.0
502,05101,100,992.0
503,34301,30,3572.0
504,09202,14,2113.0
505,09203,50,3265.0
506,13301,36,4365.0
507,13302,36,5373.0
508,13303,36,5296.0
509,17401,2,10813.0
510,17402,2,9859.0
511,17403,2,14575.0
512,25601,4,40327.0
513,25602,4,55050.0
514,29701,98,80524.0
515,38401,9,8126.0
516,38402,11,9931.0
517,38403,11,14239.0
518,46101,14,933.0
519,46102,14,1038.0
520,54105,7,1247.0
521,46104,101,1721.0
522,50201,51,2180.0
523,50202,52,1916.0
524,50203,21,2458.0
525,50204,53,2739.0
526,50205,47,3331.0
527,50206,21,3752.0
528,42501,11,24494.0
529,62501,6,22534.0
530,62502,6,34436.0
531,62503,23,30956.0
532,62504,23,33609.0
533,66601,41,64486.0
534,62301,23,4556.0
535,62302,23,5608.0
536,87101,24,1065.0
537,87102,24,1213.0
538,87103,24,1353.0
539,87104,24,2220.0
540,87105,24,1834.0
541,91202,20,2593.0
542,91203,20,2936.0
543,91204,20,2920.0
544,95301,20,5832.0
545,95302,20,7547.0
546,61301,74,3800.0
547,01104,11,1201.0
548,05201,56,2568.0
549,01106,11,1146.0
550,01107,11,1431.0
551,09301,14,5903.0
552,01110,11,1368.0
553,86201,43,2392.0
554,01112,4,1548.0
555,01113,4,1568.0
556,01114,11,1603.0
557,01115,11,1551.0
558,01116,11,1662.0
559,01117,4,1656.0
560,01119,4,2162.0
561,01121,4,2157.0
562,01122,11,2058.0
563,01123,54,1730.0
564,01124,11,1950.0
565,42102,11,1215.0
566,42104,11,1616.0
567,42105,11,1480.0
568,42106,11,1432.0
569,42107,11,1894.0
570,42109,11,2237.0
571,54401,7,9340.0
572,54402,7,8665.0
573,54403,7,8625.0
574,54404,7,9665.0
575,58501,18,22557.0
576,43202,66,2783.0
577,43203,11,3433.0
578,83102,55,881.0
579,83103,36,1016.0
580,83104,55,973.0
581,83105,55,1220.0
582,83106,55,1222.0
583,83107,36,1254.0
584,83108,36,1137.0
585,91301,20,4971.0
586,91302,20,5076.0
587,91303,20,8279.0
588,83112,56,1761.0
589,83113,36,1524.0
590,83115,36,1637.0
591,83116,36,1476.0
592,83117,36,1644.0
593,83118,36,1888.0
594,83119,36,1902.0
595,01202,54,2570.0
596,01203,29,3801.0
597,01204,11,3388.0
598,01205,9,3901.0
599,01206,11,4484.0
600,09401,14,9905.0
601,13501,36,23287.0
602,17601,2,47824.0
603,21701,4,103566.0
604,67105,35,1102.0
605,67106,35,1130.0
606,67107,35,1214.0
607,38101,9,1087.0
608,38102,9,1049.0
609,38104,9,1023.0
610,42201,11,2730.0
611,42202,11,3255.0
612,42203,11,3393.0
613,42204,11,3884.0
614,38109,9,1225.0
615,38110,103,943.0
616,38111,11,1518.0
617,38112,11,1438.0
618,50401,21,9622.0
619,50402,21,8819.0
620,38117,11,1666.0
621,38118,9,1591.0
622,38119,9,1818.0
623,38120,9,2149.0
624,38121,11,1899.0
625,38123,11,1899.0
626,38124,9,1720.0
627,38125,11,2230.0
628,38126,11,2435.0
629,38127,9,2145.0
630,38128,11,2166.0
631,86105,43,1163.0
632,28201,20,1928.0
633,28202,20,2504.0
634,79102,43,1096.0
635,79103,43,1315.0
636,79104,43,1382.0
637,83201,36,2419.0
638,83202,55,2005.0
639,83203,36,1908.0
640,83204,36,2171.0
641,79109,43,2426.0
642,83206,36,3762.0
643,83207,55,3639.0
644,91401,20,12008.0
645,91402,20,16739.0
646,83501,55,28494.0
647,80206,15,2829.0
648,01301,29,7738.0
649,01302,11,7521.0
650,05401,56,16417.0
651,67121,35,1471.0
652,52103,0,1324.0
653,34102,30,932.0
654,34103,30,1124.0
655,34104,30,816.0
656,38201,11,2404.0
657,34106,30,928.0
658,34107,30,1175.0
659,34108,30,1156.0
660,34109,30,943.0
661,34110,30,873.0
662,34111,30,1102.0
663,34112,30,1156.0
664,34113,30,1127.0
665,34114,30,1058.0
666,34115,30,1032.0
667,34116,30,1306.0
668,50501,47,33104.0
669,34118,30,1458.0
670,34119,30,1140.0
671,34120,30,1471.0
672,34121,30,1017.0
673,34122,30,1278.0
674,34123,30,1407.0
675,34124,30,1140.0
676,34125,30,1443.0
677,34126,30,1666.0
678,34127,30,1869.0
679,34128,30,1553.0
680,34129,30,1676.0
681,34130,30,1629.0
682,34131,30,2100.0
683,34132,30,2028.0
684,60302,15,5126.0
685,60303,20,6053.0
686,79201,3,2318.0
687,79202,43,2376.0
688,79203,43,1826.0
689,79204,3,2248.0
690,83301,55,3936.0
691,83302,36,3340.0
692,83303,55,3698.0
693,83304,55,3777.0
694,83305,55,4777.0
695,83306,55,5108.0
696,83307,55,4728.0
697,83308,36,4649.0
698,83309,36,5792.0
699,83310,55,6560.0
700,84201,36,3060.0
701,01401,54,12959.0
702,84202,36,3138.0
703,13205,36,2336.0
704,84204,59,3301.0
705,13207,36,2785.0
706,30101,30,767.0
707,30102,36,1124.0
708,30103,30,1086.0
709,30104,30,1075.0
710,34201,30,2167.0
711,34202,30,2212.0
712,34203,30,1657.0
713,30108,30,1323.0
714,34205,30,2736.0
715,38302,11,7194.0
716,34207,30,2705.0
717,34208,30,2501.0
718,34209,30,2534.0
719,34210,30,2545.0
720,30115,30,1736.0
721,34212,30,3776.0
722,34213,30,3335.0
723,30118,30,1878.0
724,41201,5,2341.0
725,30120,30,1779.0
726,30121,30,2186.0
727,30122,30,1986.0
728,30123,30,1967.0
729,54701,7,115426.0
730,37107,5,2064.0
731,37108,5,1652.0
732,13215,36,4455.0
733,71101,4,899.0
734,71102,4,836.0
735,37109,5,1501.0
736,71105,67,867.0
737,71106,4,1385.0
738,71107,4,1422.0
739,71108,4,1308.0
740,37110,5,2346.0
741,79302,3,5519.0
742,71111,4,1448.0
743,79304,3,7861.0
744,71113,4,2129.0
745,37111,5,1940.0
746,01501,11,23374.0
747,47501,28,33212.0
748,53501,91,28710.0
749,35103,37,1360.0
750,26102,25,1122.0
751,26103,25,1501.0
752,26104,25,1585.0
753,30201,36,2144.0
754,30202,25,2625.0
755,30203,30,2576.0
756,30204,36,2494.0
757,26109,57,1375.0
758,30206,30,2754.0
759,34303,30,5140.0
760,34304,30,6806.0
761,30209,104,2470.0
762,30210,30,3408.0
763,30211,30,3348.0
764,30212,30,3696.0
765,30213,30,2270.0
766,42502,11,29902.0
767,00257,28,447.0
768,61401,21,8048.0
769,26201,25,2880.0
770,78204,20,3662.0
771,67101,35,1073.0
772,67104,35,1055.0
773,71201,67,2003.0
774,71202,4,2006.0
775,71203,4,2977.0
776,71204,67,2537.0
777,71205,67,3109.0
778,67110,35,1196.0
779,67111,35,1327.0
780,67112,35,1198.0
781,67113,35,1347.0
782,67115,35,1353.0
783,67116,35,1312.0
784,67117,35,1385.0
785,83502,55,31844.0
786,67119,35,1441.0
787,67120,35,1484.0
788,87601,24,74505.0
789,67122,35,1447.0
790,67123,35,1369.0
791,67124,35,1436.0
792,77406,20,15763.0
793,67126,35,1640.0
794,78205,20,4144.0
795,67128,35,1427.0
796,67129,35,1737.0
797,67130,35,1438.0
798,67131,35,1827.0
799,67132,35,1617.0
800,67133,35,1555.0
801,67134,35,1942.0
802,67135,35,1721.0
803,67136,35,2157.0
804,67137,35,2068.0
805,67138,35,2193.0
806,67139,35,2184.0
807,67140,35,2254.0
808,67141,35,2188.0
809,34401,30,7322.0
810,44201,19,2525.0
811,60202,20,2536.0
812,32201,14,2258.0
813,22101,17,959.0
814,22102,45,1172.0
815,54201,7,1973.0
816,22104,37,1401.0
817,22105,77,1045.0
818,26202,59,1981.0
819,26203,25,4163.0
820,26204,25,4116.0
821,30301,30,3939.0
822,30302,30,3760.0
823,30303,30,4656.0
824,30304,25,5754.0
825,22113,17,1225.0
826,22115,17,1271.0
827,22116,17,1731.0
828,38501,11,23632.0
829,22118,17,1692.0
830,22119,37,2166.0
831,54204,7,3141.0
832,69205,11,2843.0
833,58301,49,4047.0
834,54206,7,4186.0
835,63101,66,1079.0
836,63103,66,936.0
837,41109,5,1894.0
838,26106,25,1473.0
839,67202,35,2227.0
840,67203,35,2448.0
841,67204,35,2480.0
842,67205,35,2562.0
843,67206,35,2744.0
844,67207,35,2867.0
845,67208,35,3211.0
846,67209,35,3089.0
847,67210,35,3667.0
848,67211,35,3671.0
849,67212,35,3549.0
850,54203,7,2408.0
851,63118,66,1772.0
852,67306,35,8497.0
853,78105,20,1620.0
854,11204,41,1720.0
855,78106,20,1901.0
856,11205,41,2152.0
857,11104,41,993.0
858,78107,20,1695.0
859,18101,60,875.0
860,18102,61,1376.0
861,19401,24,9410.0
862,18104,61,1540.0
863,18105,62,1384.0
864,18106,18,1132.0
865,18107,61,1494.0
866,22204,105,2226.0
867,26301,25,4901.0
868,26302,25,5056.0
869,26303,25,6310.0
870,30401,25,7865.0
871,34501,30,26928.0
872,34502,30,31305.0
873,35105,37,1218.0
874,79301,43,4983.0
875,85119,82,1972.0
876,35106,37,1153.0
877,08105,1,1420.0
878,80209,15,3239.0
879,76301,12,6186.0
880,59102,6,937.0
881,35109,37,1670.0
882,59104,23,959.0
883,63201,66,2196.0
884,59106,6,951.0
885,59107,6,1058.0
886,59108,6,1109.0
887,59109,6,1023.0
888,67302,35,4924.0
889,59111,6,1203.0
890,67304,35,5692.0
891,59113,6,1029.0
892,59114,6,1140.0
893,59115,6,921.0
894,59116,6,1251.0
895,59117,6,1114.0
896,59119,6,1275.0
897,59120,6,950.0
898,59121,63,968.0
899,59122,6,1551.0
900,59124,6,1275.0
901,59125,23,1602.0
902,35113,37,1624.0
903,59128,6,1988.0
904,59129,6,1940.0
905,59130,6,1932.0
906,59131,6,1889.0
907,59133,6,2279.0
908,59134,23,1704.0
909,59135,6,2021.0
910,59136,63,1718.0
911,63104,66,1033.0
912,67201,35,2329.0
913,63106,66,1264.0
914,51501,0,23433.0
915,63107,66,1170.0
916,14101,21,774.0
917,14102,21,932.0
918,26111,25,2128.0
919,14104,21,1105.0
920,18201,60,2237.0
921,14106,21,926.0
922,18203,61,2749.0
923,14108,21,1366.0
924,22301,17,5107.0
925,45206,5,3466.0
926,71301,64,4495.0
927,14112,21,1371.0
928,14113,21,1434.0
929,14114,21,1191.0
930,14115,108,1026.0
931,14116,21,1657.0
932,30501,30,31400.0
933,14118,21,1406.0
934,14120,21,2109.0
935,14121,21,1931.0
936,63111,66,1433.0
937,77209,20,4307.0
938,38701,9,212750.0
939,63112,66,1576.0
940,62109,23,1004.0
941,63113,66,2074.0
942,45207,5,3453.0
943,63114,66,2074.0
944,59701,6,113798.0
945,55104,0,1192.0
946,59201,6,2069.0
947,59202,23,2119.0
948,63115,66,1553.0
949,59204,6,2397.0
950,59205,6,1954.0
951,59206,6,2407.0
952,91105,20,1713.0
953,59208,6,2264.0
954,59209,63,2710.0
955,59210,6,4569.0
956,59211,6,4415.0
957,95202,20,3080.0
958,67213,35,3799.0
959,12201,89,2160.0
960,81301,14,4734.0
961,44121,19,2468.0
962,30205,36,2586.0
963,44117,19,1812.0
964,21204,4,2651.0
965,54405,32,17571.0
966,10103,65,853.0
967,10104,65,1294.0
968,10105,65,1120.0
969,10106,65,1246.0
970,14203,21,2647.0
971,14204,21,3415.0
972,18301,61,4561.0
973,14206,21,3564.0
974,36501,61,25541.0
975,22401,17,7920.0
976,22402,37,10037.0
977,22403,17,18119.0
978,26501,25,20678.0
979,30601,30,61633.0
980,67305,35,6266.0
981,34701,30,150469.0
982,22108,17,1418.0
983,30207,36,3282.0
984,05103,56,1152.0
985,51101,0,965.0
986,51103,0,883.0
987,55201,0,1952.0
988,51106,0,1440.0
989,51108,0,1353.0
990,51109,0,1658.0
991,51110,0,2019.0
992,59303,6,5734.0
993,59304,6,6149.0
994,63401,66,13135.0
995,59306,6,7390.0
996,59307,6,6165.0
997,67501,35,25542.0
998,21206,4,3184.0
999,30208,30,2676.0
1000,76105,12,896.0
1001,76106,12,1073.0
1002,33209,28,3024.0
1003,76107,12,1164.0
1004,37301,5,3900.0
1005,84301,25,4733.0
1006,76110,12,1005.0
1007,06102,55,955.0
1008,06103,55,1219.0
1009,06104,55,1174.0
1010,06105,55,1597.0
1011,10202,65,2308.0
1012,84303,36,7612.0
1013,06108,55,2026.0
1014,14301,21,4925.0
1015,14302,21,6080.0
1016,14303,21,6583.0
1017,18401,61,10159.0
1018,22501,17,37446.0
1019,37201,5,2248.0
1020,37202,5,3214.0
1021,76115,12,1272.0
1022,34302,58,4385.0
1023,47101,28,1667.0
1024,33109,28,1820.0
1025,47104,110,1484.0
1026,51201,0,2632.0
1027,51203,0,2175.0
1028,51204,0,2164.0
1029,55301,0,7823.0
1030,43103,11,1768.0
1031,59401,6,10560.0
1032,59402,6,13800.0
1033,59403,6,17377.0
1034,68401,35,12297.0
1035,77403,20,8959.0
1036,88101,7,832.0
1037,88102,7,872.0
1038,88103,111,909.0
1039,88104,7,1009.0
1040,88105,7,1044.0
1041,88106,7,1197.0
1042,88107,7,1379.0
1043,88108,7,1624.0
1044,88109,112,1282.0
1045,88110,7,1409.0
1046,88111,7,1534.0
1047,88112,7,1548.0
1048,61107,38,1687.0
1049,02101,0,728.0
1050,02102,0,730.0
1051,02104,0,760.0
1052,02105,0,885.0
1053,02106,0,920.0
1054,02107,20,901.0
1055,10301,65,5055.0
1056,02112,0,1028.0
1057,14401,21,11028.0
1058,14402,21,13252.0
1059,02115,0,960.0
1060,02116,0,1092.0
1061,02117,0,1097.0
1062,02119,63,1152.0
1063,02120,68,1360.0
1064,33122,28,1662.0
1065,00355,20,4739.0
1066,22201,17,2608.0
1067,68403,35,16281.0
1068,43101,11,1170.0
1069,77405,20,16283.0
1070,00357,29,4493.0
1071,22303,77,6253.0
1072,47201,28,3178.0
1073,22203,17,2708.0
1074,51301,0,5579.0
1075,89105,128,1234.0
1076,55401,109,9889.0
1077,59501,6,31511.0
1078,22205,45,3724.0
1079,67701,35,187238.0
1080,04106,92,1656.0
1081,84101,36,924.0
1082,84102,36,1019.0
1083,84103,36,1237.0
1084,84104,36,1492.0
1085,88201,7,1999.0
1086,84106,25,1460.0
1087,88203,7,1959.0
1088,88204,111,2510.0
1089,88205,113,2796.0
1090,84110,36,1973.0
1091,84111,36,2194.0
1092,02202,0,1546.0
1093,02203,0,2896.0
1094,46106,101,1737.0
1095,13108,36,1854.0
1096,44205,19,2977.0
1097,46107,102,1548.0
1098,54301,7,4758.0
1099,54302,7,7798.0
1100,39101,4,842.0
1101,39103,4,1052.0
1102,43201,11,2984.0
1103,39106,54,1718.0
1104,39107,114,1445.0
1105,39108,114,1872.0
1106,47301,28,4263.0
1107,47302,28,3624.0
1108,03105,66,1115.0
1109,51401,0,13037.0
1110,03106,66,1324.0
1111,59601,6,35538.0
1112,59602,23,64537.0
1113,03107,66,1985.0
1114,63701,66,107330.0
1115,78203,20,3075.0
1116,80101,15,850.0
1117,80102,15,889.0
1118,80103,15,812.0
1119,80104,15,878.0
1120,80105,15,1080.0
1121,80106,15,924.0
1122,84203,70,2898.0
1123,80108,15,909.0
1124,88301,7,4272.0
1125,88302,7,3839.0
1126,88303,7,5910.0
1127,80112,15,1251.0
1128,80113,15,1068.0
1129,80114,15,1212.0
1130,80115,15,1347.0
1131,80116,15,1710.0
1132,80117,15,1907.0
1133,80118,115,1901.0
1134,02301,20,4214.0
1135,02302,63,2980.0
1136,02303,0,6482.0
1137,25111,42,2171.0
1138,86401,43,14459.0
1139,14601,21,79218.0
1140,29401,98,8158.0
1141,00759,36,591048.0
1142,31107,14,1466.0
1143,35204,72,2069.0
1144,63108,66,1462.0
1145,35101,37,1007.0
1146,35102,37,972.0
1147,31109,14,1367.0
1148,35104,37,1168.0
1149,39201,4,3244.0
1150,39202,116,3250.0
1151,35107,37,1414.0
1152,35108,37,1541.0
1153,39302,54,4331.0
1154,35110,37,1444.0
1155,35111,37,1650.0
1156,35112,37,1692.0
1157,47401,28,16914.0
1158,35114,37,1778.0
1159,35115,37,1688.0
1160,35116,37,1372.0
1161,35117,37,1752.0
1162,35118,37,1888.0
1163,35119,37,2016.0
1164,35120,37,1769.0
1165,35121,37,1704.0
1166,35122,37,1650.0
1167,35123,37,2048.0
1168,35124,37,1443.0
1169,35125,37,1762.0
1170,59702,6,401716.0
1171,35209,37,3346.0
1172,35128,37,2076.0
1173,35129,37,2015.0
1174,35130,37,2508.0
1175,35131,37,2052.0
1176,35132,37,2621.0
1177,35210,37,3132.0
1178,35211,37,3344.0
1179,76101,12,986.0
1180,59105,6,760.0
1181,80201,15,2091.0
1182,80202,15,2200.0
1183,80203,15,2318.0
1184,80204,15,2474.0
1185,80205,115,2634.0
1186,84302,69,5650.0
1187,80207,0,2337.0
1188,80208,15,3211.0
1189,88401,7,8896.0
1190,88402,7,10417.0
1191,88403,7,16407.0
1192,76117,12,1411.0
1193,76118,12,1680.0
1194,76119,71,1644.0
1195,76120,12,2084.0
1196,67301,35,5601.0
1197,02401,0,8439.0
1198,02402,0,7711.0
1199,02403,0,10648.0
1200,02404,0,15228.0
1201,06501,55,29872.0
1202,10601,65,50480.0
1203,68402,35,13006.0
1204,67303,35,5441.0
1205,00353,67,2771.0
1206,71401,4,11969.0
1207,60502,20,28705.0
1208,71402,4,14072.0
1209,31102,14,1040.0
1210,31103,14,1277.0
1211,31104,14,1208.0
1212,31105,14,1185.0
1213,35202,37,2136.0
1214,67307,35,8484.0
1215,31108,14,1542.0
1216,39301,117,3566.0
1217,31110,14,1494.0
1218,31111,14,1509.0
1219,35208,37,2975.0
1220,31113,118,1715.0
1221,31114,14,2104.0
1222,31115,14,2312.0
1223,35212,37,3126.0
1224,35213,37,3500.0
1225,35214,37,3991.0
1226,35215,37,3564.0
1227,35216,37,3868.0
1228,35217,37,4635.0
1229,72101,38,1169.0
1230,72103,38,1274.0
1231,72104,38,1412.0
1232,76201,15,1667.0
1233,76202,12,2041.0
1234,72107,38,1470.0
1235,76204,12,2438.0
1236,76205,15,2815.0
1237,72110,38,1143.0
1238,71103,4,1128.0
1239,72112,38,1663.0
1240,72113,38,1436.0
1241,72114,38,1766.0
1242,72115,38,1521.0
1243,88501,7,24893.0
1244,72118,38,1584.0
1245,72119,38,2062.0
1246,60301,20,4568.0
1247,02501,0,22378.0
1248,90102,4,1270.0
1249,44111,19,1769.0
1250,27103,12,1292.0
1251,27104,12,1296.0
1252,27105,12,1433.0
1253,27106,12,1428.0
1254,31203,14,2068.0
1255,27108,12,1254.0
1256,27109,73,1083.0
1257,35302,37,7609.0
1258,01105,11,1128.0
1259,27112,74,1390.0
1260,27113,12,1842.0
1261,27114,75,1787.0
1262,27115,12,1669.0
1263,51701,0,84474.0
1264,72105,38,1021.0
1265,72106,38,881.0
1266,01109,9,1088.0
1267,68101,35,1000.0
1268,68102,35,1132.0
1269,59137,23,2104.0
1270,68104,35,1205.0
1271,68105,35,1329.0
1272,68106,35,1113.0
1273,01111,11,1587.0
1274,68108,35,1493.0
1275,72205,38,4445.0
1276,68110,35,1642.0
1277,68111,35,1564.0
1278,68112,35,1312.0
1279,80401,15,8903.0
1280,68115,35,1887.0
1281,68116,35,1511.0
1282,68117,35,1711.0
1283,68118,35,2134.0
1284,68119,35,1831.0
1285,68120,35,1846.0
1286,68121,35,2010.0
1287,68122,35,1990.0
1288,29103,98,936.0
1289,68124,35,2064.0
1290,43401,11,14369.0
1291,29105,98,1320.0
1292,29106,98,1044.0
1293,29107,98,1060.0
1294,29108,98,1259.0
1295,61202,86,2035.0
1296,29109,98,1532.0
1297,27201,12,2238.0
1298,27202,12,2314.0
1299,27203,12,2272.0
1300,27204,12,2497.0
1301,31301,14,7620.0
1302,27206,12,3085.0
1303,27207,12,3204.0
1304,35401,37,10329.0
1305,35402,37,16649.0
1306,29111,98,1672.0
1307,29112,98,1516.0
1308,29113,98,1549.0
1309,84105,69,1353.0
1310,29114,98,1670.0
1311,29115,98,1330.0
1312,87106,24,1673.0
1313,64102,121,1107.0
1314,64103,13,1324.0
1315,64104,13,1850.0
1316,68201,35,2394.0
1317,68202,35,2339.0
1318,68203,35,3078.0
1319,68204,35,2801.0
1320,68205,35,4248.0
1321,72302,38,5804.0
1322,29117,98,1632.0
1323,76401,12,8484.0
1324,76402,12,7987.0
1325,76403,12,7494.0
1326,76404,12,13882.0
1327,65301,13,5168.0
1328,29121,45,1468.0
1329,17203,2,2176.0
1330,85101,81,682.0
1331,29123,98,2151.0
1332,85102,82,1372.0
1333,14105,21,881.0
1334,63303,66,4631.0
1335,29124,98,1578.0
1336,18202,61,2476.0
1337,19102,24,1208.0
1338,29125,98,1869.0
1339,19104,76,1089.0
1340,19105,24,1666.0
1341,19106,24,1496.0
1342,14107,21,1316.0
1343,29126,98,2261.0
1344,27302,12,6826.0
1345,27303,12,8519.0
1346,22302,17,4405.0
1347,57123,7,1426.0
1348,85108,82,1404.0
1349,14111,21,1165.0
1350,77106,20,926.0
1351,91201,20,2416.0
1352,60104,20,1110.0
1353,64201,22,2612.0
1354,64202,22,2655.0
1355,64203,22,2454.0
1356,64204,122,2586.0
1357,60109,15,1340.0
1358,68302,35,5346.0
1359,60111,15,1236.0
1360,60112,78,1140.0
1361,60113,20,1315.0
1362,60115,15,1548.0
1363,60116,20,1780.0
1364,60117,15,1299.0
1365,60118,15,1414.0
1366,85113,3,1556.0
1367,63105,66,1242.0
1368,60121,20,2142.0
1369,60122,15,1676.0
1370,60123,20,1852.0
1371,60124,15,2011.0
1372,60125,15,1504.0
1373,60126,15,2159.0
1374,14117,21,1628.0
1375,60128,20,2123.0
1376,29206,45,2403.0
1377,88202,112,2224.0
1378,72108,38,920.0
1379,15103,76,1123.0
1380,15104,123,986.0
1381,19201,24,2406.0
1382,23301,24,6044.0
1383,60106,20,1163.0
1384,27401,12,12775.0
1385,27402,12,16373.0
1386,03202,66,2054.0
1387,03203,79,2597.0
1388,77206,20,4617.0
1389,70105,4,1175.0
1390,72109,38,1389.0
1391,57135,7,1921.0
1392,85125,82,1798.0
1393,56101,45,791.0
1394,56102,45,584.0
1395,56103,125,701.0
1396,56104,37,843.0
1397,60201,20,2193.0
1398,56106,37,841.0
1399,56107,45,1278.0
1400,56108,45,1479.0
1401,64301,13,5239.0
1402,64302,13,5779.0
1403,64303,13,6567.0
1404,56113,45,1526.0
1405,56114,45,1835.0
1406,56115,26,1464.0
1407,56116,45,1606.0
1408,56117,45,2276.0
1409,56118,45,1824.0
1410,56119,45,1767.0
1411,56120,45,2134.0
1412,66109,41,1269.0
1413,31116,14,2266.0
1414,85131,83,1652.0
1415,31201,14,2164.0
1416,31202,14,2528.0
1417,63109,66,1332.0
1418,35126,37,1865.0
1419,72111,38,1642.0
1420,31204,14,2569.0
1421,11101,41,1016.0
1422,11102,41,1100.0
1423,11103,41,917.0
1424,58106,18,1151.0
1425,11105,41,1286.0
1426,11107,41,1123.0
1427,11108,41,1392.0
1428,19301,24,4193.0
1429,11110,41,1700.0
1430,11111,41,1427.0
1431,11113,41,1971.0
1432,27111,20,1576.0
1433,27501,12,24032.0
1434,63110,66,1512.0
1435,55101,0,756.0
1436,31208,14,3797.0
1437,35701,37,133267.0
1438,39401,114,10650.0
1439,45301,20,4548.0
1440,39402,4,11722.0
1441,85127,82,2052.0
1442,60304,20,5081.0
1443,52102,0,1092.0
1444,79205,3,3578.0
1445,52104,80,1478.0
1446,56201,125,1687.0
1447,56202,45,1916.0
1448,56203,45,2141.0
1449,56204,45,2405.0
1450,56205,45,2535.0
1451,56206,45,2600.0
1452,56207,45,2921.0
1453,56208,45,3046.0
1454,56209,45,2816.0
1455,56210,45,2898.0
1456,56211,37,3082.0
1457,56212,45,3140.0
1458,56213,45,2400.0
1459,56214,45,3461.0
1460,56215,45,2732.0
1461,56216,37,3696.0
1462,56217,45,3194.0
1463,56218,45,4318.0
1464,76701,12,90864.0
1465,63301,66,4639.0
1466,63302,66,4849.0
1467,59207,23,2492.0
1468,63304,66,5890.0
1469,67401,35,12027.0
1470,07101,25,837.0
1471,07104,25,1197.0
1472,07105,25,1167.0
1473,07106,25,964.0
1474,11203,41,2156.0
1475,07108,25,1533.0
1476,07109,11,1625.0
1477,11206,41,3004.0
1478,87201,24,2180.0
1479,07112,25,1482.0
1480,07113,25,1472.0
1481,07114,126,1835.0
1482,87202,24,1832.0
1483,71501,4,29058.0
1484,87203,24,2527.0
1485,31701,14,393740.0
1486,87204,24,2895.0
1487,48101,127,1116.0
1488,35127,37,2266.0
1489,52201,0,1791.0
1490,52202,80,3824.0
1491,83111,36,1493.0
1492,56301,45,4133.0
1493,56302,45,6134.0
1494,56303,45,6344.0
1495,60401,20,9344.0
1496,60402,20,16972.0
1497,36109,61,1780.0
1498,95401,20,10131.0
1499,15105,124,1885.0
1500,72701,38,82929.0
1501,72117,38,1803.0
1502,89101,128,1012.0
1503,89102,128,1047.0
1504,89103,20,1320.0
1505,89104,128,1350.0
1506,51113,0,2256.0
1507,89106,128,1121.0
1508,89107,128,1433.0
1509,45112,5,1500.0
1510,80301,15,3474.0
1511,44207,19,2912.0
1512,03101,79,816.0
1513,03102,66,899.0
1514,03103,79,927.0
1515,07201,25,2441.0
1516,07202,25,3705.0
1517,07203,25,3260.0
1518,11301,41,4387.0
1519,11302,41,4510.0
1520,52401,80,9830.0
1521,15401,129,14042.0
1522,68103,35,1012.0
1523,66117,41,1657.0
1524,21108,4,2041.0
1525,45113,5,1808.0
1526,30110,30,1386.0
1527,72201,38,2218.0
1528,72202,119,2170.0
1529,05301,100,7574.0
1530,63117,66,2080.0
1531,68107,35,1210.0
1532,44101,19,1005.0
1533,44103,19,1376.0
1534,44104,19,1628.0
1535,48201,130,2555.0
1536,44106,19,1186.0
1537,44107,19,1348.0
1538,44108,19,1570.0
1539,44109,19,1625.0
1540,44110,19,1640.0
1541,68109,35,1558.0
1542,44112,19,1793.0
1543,56401,45,10349.0
1544,44114,19,1960.0
1545,44115,19,1904.0
1546,44116,19,2085.0
1547,60501,15,22714.0
1548,44118,19,2316.0
1549,44119,19,2098.0
1550,44120,19,2412.0
1551,64601,13,80964.0
1552,44122,37,1713.0
1553,44123,19,2383.0
1554,44124,19,2417.0
1555,68701,35,93399.0
1556,29201,98,1944.0
1557,37204,5,3919.0
1558,29202,45,2214.0
1559,71302,4,4942.0
1560,85103,82,1030.0
1561,85104,81,741.0
1562,89201,128,2029.0
1563,89202,131,2045.0
1564,85107,3,1488.0
1565,21107,87,1446.0
1566,85109,82,1220.0
1567,85110,82,1609.0
1568,85111,82,1532.0
1569,85112,83,1113.0
1570,25108,4,1532.0
1571,85115,19,1731.0
1572,85116,3,1676.0
1573,85117,3,1290.0
1574,85118,43,1583.0
1575,25109,39,2055.0
1576,85120,3,1682.0
1577,03201,66,1666.0
1578,85122,82,1415.0
1579,85123,84,1502.0
1580,85124,82,2084.0
1581,07301,25,5963.0
1582,85126,82,2163.0
1583,22202,17,2684.0
1584,85128,82,1972.0
1585,85129,82,2395.0
1586,85130,82,2427.0
1587,29207,98,3000.0
1588,31112,14,1296.0
1589,29208,98,3333.0
1590,29209,98,2921.0
1591,29210,98,3177.0
1592,14110,21,1464.0
1593,13201,36,2101.0
1594,68123,35,2040.0
1595,40102,22,1213.0
1596,40103,22,1287.0
1597,40104,22,1316.0
1598,40105,22,1970.0
1599,40106,22,1804.0
1600,44203,19,2876.0
1601,40108,22,1839.0
1602,48301,130,5399.0
1603,44206,19,2263.0
1604,29213,98,2344.0
1605,44208,19,3602.0
1606,44209,19,3575.0
1607,44210,19,3781.0
1608,44211,19,3755.0
1609,44212,19,3972.0
1610,56501,45,30272.0
1611,44214,19,4224.0
1612,44215,19,4436.0
1613,60601,20,45126.0
1614,53301,91,6227.0
1615,57205,7,2495.0
1616,77306,20,7818.0
1617,61302,21,5624.0
1618,31206,14,3626.0
1619,81101,14,963.0
1620,81103,14,1228.0
1621,81104,14,1656.0
1622,85201,3,2160.0
1623,85202,3,2779.0
1624,85203,82,2040.0
1625,85204,82,2566.0
1626,85205,82,3720.0
1627,85206,82,3704.0
1628,14201,21,2296.0
1629,85208,82,3555.0
1630,53302,91,6636.0
1631,14202,21,2547.0
1632,31207,14,3769.0
1633,63116,66,2101.0
1634,07401,11,9996.0
1635,07402,25,14048.0
1636,11501,41,18017.0
1637,11502,41,17580.0
1638,14205,21,3068.0
1639,89301,128,3299.0
1640,89302,128,4035.0
1641,36103,61,1212.0
1642,36104,5,1048.0
1643,30117,36,1508.0
1644,36106,61,1116.0
1645,85207,82,3244.0
1646,36108,61,1669.0
1647,44301,19,4409.0
1648,44302,19,4218.0
1649,06701,55,379864.0
1650,44304,19,6496.0
1651,59305,63,4234.0
1652,38105,11,1154.0
1653,38301,9,5124.0
1654,56601,45,43242.0
1655,38106,9,1295.0
1656,38107,11,1177.0
1657,31209,14,3245.0
1658,38108,9,1468.0
1659,35301,37,5791.0
1660,77102,20,910.0
1661,77103,20,1091.0
1662,77104,20,1215.0
1663,77105,20,1141.0
1664,33119,28,2074.0
1665,77107,20,1484.0
1666,77108,20,1195.0
1667,85301,82,4082.0
1668,85302,19,5980.0
1669,85303,3,7115.0
1670,85304,43,6397.0
1671,89401,128,13510.0
1672,89402,128,16825.0
1673,77115,20,1144.0
1674,77117,20,1698.0
1675,77118,20,1633.0
1676,77119,65,1352.0
1677,77122,20,1787.0
1678,77126,20,2100.0
1679,38113,103,1408.0
1680,03401,66,15068.0
1681,76302,12,7014.0
1682,38114,11,1432.0
1683,31205,14,3568.0
1684,44213,19,3842.0
1685,70201,4,2415.0
1686,32102,14,1458.0
1687,35303,37,7736.0
1688,32104,14,1509.0
1689,32105,14,1514.0
1690,36202,61,2572.0
1691,36203,61,3283.0
1692,40301,22,3990.0
1693,40302,28,4545.0
1694,40303,22,6182.0
1695,44401,19,7913.0
1696,33302,28,4392.0
1697,66110,41,1236.0
1698,53106,91,1105.0
1699,78401,20,11661.0
1700,27110,12,1599.0
1701,73101,132,1066.0
1702,73102,9,1196.0
1703,73103,9,1432.0
1704,73104,132,1324.0
1705,77201,20,2409.0
1706,73106,9,1813.0
1707,73107,132,1992.0
1708,73108,9,2038.0
1709,73109,97,1729.0
1710,73110,9,1906.0
1711,81303,14,6360.0
1712,81304,14,5610.0
1713,85401,82,8240.0
1714,85402,82,9939.0
1715,85403,82,13309.0
1716,27205,73,2136.0
1717,31302,14,5573.0
1718,03501,79,20861.0
1719,03502,66,23007.0
1720,57401,7,11608.0
1721,30111,30,1374.0
1722,34215,30,3240.0
1723,28102,20,1019.0
1724,28104,20,1108.0
1725,28105,20,1224.0
1726,32202,14,3343.0
1727,32203,14,2428.0
1728,28108,20,1410.0
1729,36301,61,4868.0
1730,28110,20,1943.0
1731,28111,20,1790.0
1732,28112,20,1730.0
1733,40401,22,16771.0
1734,40402,22,18495.0
1735,57402,7,13092.0
1736,59301,23,4668.0
1737,29203,98,2472.0
1738,59302,6,4468.0
1739,08103,0,868.0
1740,69101,11,1101.0
1741,69103,11,1311.0
1742,69104,11,1739.0
1743,73201,133,3137.0
1744,73202,9,2867.0
1745,73203,9,3722.0
1746,73204,133,5445.0
1747,77301,20,6829.0
1748,77302,20,5575.0
1749,77303,65,4980.0
1750,77304,20,7329.0
1751,81401,14,8772.0
1752,44105,19,1348.0
1753,77307,20,7256.0
1754,85501,82,21164.0
1755,08107,0,1879.0
1756,79105,3,1293.0
1757,79106,43,1425.0
1758,42401,11,9387.0
1759,79107,43,1648.0
1760,79108,3,1491.0
1761,53107,91,1250.0
1762,83205,55,3551.0
1763,83110,36,1441.0
1764,24105,24,1276.0
1765,24106,40,1118.0
1766,24107,40,1622.0
1767,28204,20,4188.0
1768,24109,135,1604.0
1769,40201,22,1951.0
1770,44601,19,55942.0
1771,40202,22,2284.0
1772,79501,43,29803.0
1773,40204,22,2849.0
1774,65102,13,974.0
1775,65103,13,864.0
1776,69201,11,1957.0
1777,69203,85,2054.0
1778,69204,11,2690.0
1779,73301,132,4159.0
1780,69206,11,3389.0
1781,77401,20,8132.0
1782,77402,20,11261.0
1783,44303,19,6514.0
1784,77404,20,12112.0
1785,81501,14,20809.0
1786,81502,14,27142.0
1787,45115,5,1701.0
1788,40205,22,2804.0
1789,64105,13,1511.0
1790,64107,13,1936.0
1791,24201,40,1712.0
1792,24202,136,1871.0
1793,24203,40,2497.0
1794,24204,137,2375.0
1795,28301,38,4645.0
1796,28302,20,6187.0
1797,72301,38,4555.0
1798,21401,4,9482.0
1799,32401,14,10238.0
1800,40109,28,2098.0
1801,68206,35,4228.0
1802,00352,66,2739.0
1803,68207,35,3913.0
1804,44701,19,256856.0
1805,28203,20,3357.0
1806,21106,4,1189.0
1807,61102,38,1020.0
1808,61104,21,953.0
1809,65201,13,1987.0
1810,65203,13,2711.0
1811,65204,13,2819.0
1812,69301,11,5390.0
1813,69302,11,6275.0
1814,69303,11,9185.0
1815,73401,9,16569.0
1816,77501,20,31202.0
1817,29301,98,4929.0
1818,37205,5,3675.0
1819,29302,98,4493.0
1820,29305,98,4842.0
1821,72203,38,2910.0
1822,16105,2,1408.0
1823,16108,2,1786.0
1824,53202,91,2197.0
1825,28401,20,16628.0
1826,30113,30,1683.0
1827,49501,3,23704.0
1828,49110,3,1064.0
1829,22107,17,1710.0
1830,49111,3,1323.0
1831,57102,7,900.0
1832,57104,7,919.0
1833,57105,7,1032.0
1834,57106,7,978.0
1835,57109,7,1062.0
1836,65302,13,6418.0
1837,57111,7,1107.0
1838,57112,7,999.0
1839,57114,7,1251.0
1840,57116,7,1346.0
1841,57117,7,1236.0
1842,57118,35,1268.0
1843,57119,7,1165.0
1844,57120,7,1256.0
1845,57121,7,1395.0
1846,57122,7,1222.0
1847,06107,55,1412.0
1848,57124,7,1184.0
1849,57125,7,1528.0
1850,57126,7,1505.0
1851,57127,7,1504.0
1852,57128,7,1672.0
1853,57130,7,1828.0
1854,57131,7,2016.0
1855,57133,138,1556.0
1856,57134,7,1484.0
1857,59110,6,872.0
1858,81203,14,2973.0
1859,81204,14,3591.0
1860,49119,3,1504.0
1861,12101,89,1439.0
1862,12102,90,1470.0
1863,53109,91,1775.0
1864,80601,15,62747.0
1865,77112,20,1432.0
1866,53110,91,1645.0
1867,28501,20,38026.0
1868,63202,106,1814.0
1869,38203,103,2663.0
1870,38204,9,2390.0
1871,53101,91,713.0
1872,53102,91,1248.0
1873,53103,91,1008.0
1874,57201,35,2161.0
1875,57202,7,2279.0
1876,57203,7,2819.0
1877,57204,7,3757.0
1878,38206,9,3740.0
1879,57206,7,4044.0
1880,81201,14,2390.0
1881,38207,9,4248.0
1882,72204,120,2671.0
1883,24108,134,1379.0
1884,73601,9,75840.0
1885,46401,14,9094.0
1886,30114,30,1608.0
1887,60120,15,1787.0
1888,34117,30,1100.0
1889,76103,12,968.0
1890,62401,23,16139.0
1891,08102,0,727.0
1892,85105,82,1268.0
1893,08104,0,1141.0
1894,62108,6,1445.0
1895,12202,90,3705.0
1896,77127,20,2055.0
1897,70301,4,3602.0
1898,34206,30,2203.0
1899,24501,40,26930.0
1900,63203,107,2934.0
1901,70304,4,4922.0
1902,08101,0,894.0
1903,23201,24,1845.0
1904,72303,38,5636.0
1905,49101,3,1111.0
1906,49102,3,1125.0
1907,49103,3,950.0
1908,49104,3,1248.0
1909,49105,3,1327.0
1910,49106,3,1272.0
1911,49107,3,1373.0
1912,49108,3,1225.0
1913,57301,7,4085.0
1914,57302,35,6870.0
1915,57303,7,6085.0
1916,49112,3,1168.0
1917,49113,3,1485.0
1918,49114,3,1329.0
1919,49115,3,1248.0
1920,65501,13,28384.0
1921,49118,19,1170.0
1922,27301,12,4425.0
1923,49120,38,1312.0
1924,49121,3,1585.0
1925,49122,3,1724.0
1926,49123,3,1845.0
1927,49124,3,1470.0
1928,49125,3,1735.0
1929,49126,3,1654.0
1930,49127,3,1958.0
1931,49128,3,2161.0
1932,73105,9,1651.0
1933,58102,18,961.0
1934,90101,4,1098.0
1935,43301,11,5582.0
