,Unnamed: 0,Source,Target,O_AU2010,D_AU2010,O_DEP,D_DEP,O_LIBBIS,D_LIBBIS,O_DEP_NAME,D_DEP_NAME,Weight,O_ACT_OUT,O_ACT_TOTAL,D_ACT_OUT,D_ACT_TOTAL,Dist,Duration,D_ACT_IN
2946,2946,754,26301,16,327,30,26,Avignon,Pierrelatte,GARD,DROME,188,6341,8488,2205.0,4901.0,68257,3124,2696.0
2947,2947,30304,26301,299,327,30,26,Pont-Saint-Esprit,Pierrelatte,GARD,DROME,388,3839,5754,2205.0,4901.0,17274,1222,2696.0
2948,2948,30401,26301,240,327,30,26,Bagnols-sur-Cèze,Pierrelatte,GARD,DROME,231,3880,7865,2205.0,4901.0,27275,1883,2696.0
2949,2949,84106,26203,998,381,84,26,Lapalud,Saint-Paul-Trois-Châteaux,VAUCLUSE,DROME,100,1148,1460,2465.0,4163.0,10042,893,1698.0
2950,2950,84106,26301,998,327,84,26,Lapalud,Pierrelatte,VAUCLUSE,DROME,312,1148,1460,2205.0,4901.0,8832,695,2696.0
2951,2951,84107,26301,997,327,84,26,Mondragon,Pierrelatte,VAUCLUSE,DROME,141,1068,1465,2205.0,4901.0,16592,1029,2696.0
2953,2953,84301,26203,307,381,84,26,Bollène,Saint-Paul-Trois-Châteaux,VAUCLUSE,DROME,364,2430,4733,2465.0,4163.0,9579,940,1698.0
2954,2954,84301,26301,307,327,84,26,Bollène,Pierrelatte,VAUCLUSE,DROME,658,2430,4733,2205.0,4901.0,16370,1138,2696.0
2957,2957,456,754,200,16,30,84,Beaucaire,Avignon,GARD,VAUCLUSE,478,2701,5601,76038.0,138936.0,28275,1864,62898.0
2958,2958,552,754,141,16,30,84,Arles,Avignon,GARD,VAUCLUSE,276,1084,1340,76038.0,138936.0,40094,2756,62898.0
2960,2960,754,84101,16,998,30,84,Avignon,Sainte-Cécile-les-Vignes,GARD,VAUCLUSE,116,6341,8488,576.0,924.0,45661,2565,348.0
2961,2961,754,84111,16,16,30,84,Avignon,Camaret-sur-Aigues,GARD,VAUCLUSE,196,6341,8488,1596.0,2194.0,35277,2080,598.0
2962,2962,754,84301,16,307,30,84,Avignon,Bollène,GARD,VAUCLUSE,146,6341,8488,2430.0,4733.0,53675,2312,2303.0
2963,2963,30102,754,16,16,30,84,Saint-Laurent-des-Arbres,Avignon,GARD,VAUCLUSE,192,900,1124,76038.0,138936.0,20057,1390,62898.0
2964,2964,30117,754,997,16,30,84,Aramon,Avignon,GARD,VAUCLUSE,332,920,1508,76038.0,138936.0,15212,1111,62898.0
2965,2965,30201,754,16,16,30,84,Roquemaure,Avignon,GARD,VAUCLUSE,512,1508,2144,76038.0,138936.0,19350,1455,62898.0
2966,2966,30202,754,570,16,30,84,Laudun-l'Ardoise,Avignon,GARD,VAUCLUSE,133,1291,2625,76038.0,138936.0,28121,1905,62898.0
2967,2967,30204,754,16,16,30,84,Pujaut,Avignon,GARD,VAUCLUSE,1025,2044,2494,76038.0,138936.0,13752,1057,62898.0
2968,2968,30206,754,997,16,30,84,Montfrin,Avignon,GARD,VAUCLUSE,128,2141,2754,76038.0,138936.0,22911,1595,62898.0
2969,2969,30207,754,16,16,30,84,Rochefort-du-Gard,Avignon,GARD,VAUCLUSE,1586,2606,3282,76038.0,138936.0,12153,1033,62898.0
2970,2970,30304,84301,299,307,30,84,Pont-Saint-Esprit,Bollène,GARD,VAUCLUSE,173,3839,5754,2430.0,4733.0,11043,944,2303.0
2971,2971,30401,754,240,16,30,84,Bagnols-sur-Cèze,Avignon,GARD,VAUCLUSE,129,3880,7865,76038.0,138936.0,34540,2268,62898.0
2972,2972,30601,754,40,16,30,84,Nîmes,Avignon,GARD,VAUCLUSE,318,19476,61633,76038.0,138936.0,44395,2705,62898.0
2974,2974,759,754,3,16,13,84,Marseille - Aix-en-Provence,Avignon,BOUCHES-DU-RHONE,VAUCLUSE,105,268025,591048,76038.0,138936.0,90958,3666,62898.0
2975,2975,759,84303,3,997,13,84,Marseille - Aix-en-Provence,Pertuis,BOUCHES-DU-RHONE,VAUCLUSE,345,268025,591048,4186.0,7612.0,29522,1546,3426.0
2976,2976,13107,84303,3,997,13,84,Meyrargues,Pertuis,BOUCHES-DU-RHONE,VAUCLUSE,104,1309,1633,4186.0,7612.0,9254,836,3426.0
2977,2977,13203,84303,3,997,13,84,Puy-Sainte-Réparade,Pertuis,BOUCHES-DU-RHONE,VAUCLUSE,119,1433,2212,4186.0,7612.0,9360,875,3426.0
2978,2978,13206,754,997,16,13,84,Sénas,Avignon,BOUCHES-DU-RHONE,VAUCLUSE,122,1754,2642,76038.0,138936.0,43897,2040,62898.0
2979,2979,13302,754,319,16,13,84,Saint-Rémy-de-Provence,Avignon,BOUCHES-DU-RHONE,VAUCLUSE,559,2629,5373,76038.0,138936.0,19658,1855,62898.0
2980,2980,13501,754,143,16,13,84,Salon-de-Provence,Avignon,BOUCHES-DU-RHONE,VAUCLUSE,233,12526,23287,76038.0,138936.0,54397,2537,62898.0
2981,2981,84101,754,998,16,84,84,Sainte-Cécile-les-Vignes,Avignon,VAUCLUSE,VAUCLUSE,100,576,924,76038.0,138936.0,46903,2634,62898.0
2982,2982,84102,754,16,16,84,84,Sérignan-du-Comtat,Avignon,VAUCLUSE,VAUCLUSE,329,782,1019,76038.0,138936.0,43593,2173,62898.0
2983,2983,84103,754,16,16,84,84,Bédoin,Avignon,VAUCLUSE,VAUCLUSE,221,569,1237,76038.0,138936.0,40474,2337,62898.0
2984,2984,84104,84303,998,997,84,84,Villelaure,Pertuis,VAUCLUSE,VAUCLUSE,336,1184,1492,4186.0,7612.0,6356,646,3426.0
2986,2986,84106,84301,998,307,84,84,Lapalud,Bollène,VAUCLUSE,VAUCLUSE,260,1148,1460,2430.0,4733.0,8193,708,2303.0
2987,2987,84107,754,997,16,84,84,Mondragon,Avignon,VAUCLUSE,VAUCLUSE,177,1068,1465,76038.0,138936.0,45084,2382,62898.0
2988,2988,84107,84301,997,307,84,84,Mondragon,Bollène,VAUCLUSE,VAUCLUSE,228,1068,1465,2430.0,4733.0,6567,609,2303.0
2989,2989,84108,84303,0,997,84,84,La Tour-d'Aigues,Pertuis,VAUCLUSE,VAUCLUSE,302,1024,1712,4186.0,7612.0,5644,515,3426.0
2991,2991,84110,754,16,16,84,84,Caumont-sur-Durance,Avignon,VAUCLUSE,VAUCLUSE,768,1460,1973,76038.0,138936.0,14472,1524,62898.0
2992,2992,84111,754,16,16,84,84,Camaret-sur-Aigues,Avignon,VAUCLUSE,VAUCLUSE,640,1596,2194,76038.0,138936.0,37400,2220,62898.0
2993,2993,84201,754,16,16,84,84,Piolenc,Avignon,VAUCLUSE,VAUCLUSE,874,2143,3060,76038.0,138936.0,35984,1766,62898.0
2994,2994,84202,84303,424,997,84,84,Cadenet,Pertuis,VAUCLUSE,VAUCLUSE,270,2041,3138,4186.0,7612.0,12991,1070,3426.0
2996,2996,84301,754,307,16,84,84,Bollène,Avignon,VAUCLUSE,VAUCLUSE,125,2430,4733,76038.0,138936.0,53307,2380,62898.0
2998,2998,84303,84108,997,0,84,84,Pertuis,La Tour-d'Aigues,VAUCLUSE,VAUCLUSE,164,4186,7612,1024.0,1712.0,5476,472,688.0
3084,3084,362,34701,282,15,30,34,Le Grau-du-Roi,Montpellier,GARD,HERAULT,739,823,2513,64191.0,150469.0,33878,2326,86278.0
3085,3085,463,362,153,282,30,34,Lunel,Le Grau-du-Roi,GARD,HERAULT,184,2709,3591,1448.0,2716.0,20735,1275,1268.0
3087,3087,463,34212,153,15,30,34,Lunel,Baillargues,GARD,HERAULT,143,2709,3591,2969.0,3776.0,11135,986,807.0
3088,3088,463,34304,153,15,30,34,Lunel,Mauguio,GARD,HERAULT,248,2709,3591,4480.0,6806.0,13573,1143,2326.0
3089,3089,463,34701,153,15,30,34,Lunel,Montpellier,GARD,HERAULT,3123,2709,3591,64191.0,150469.0,30697,2215,86278.0
3090,3090,30112,362,998,282,30,34,Saint-Laurent-d'Aigouze,Le Grau-du-Roi,GARD,HERAULT,141,1012,1432,1448.0,2716.0,16784,1113,1268.0
3091,3091,30112,34701,998,15,30,34,Saint-Laurent-d'Aigouze,Montpellier,GARD,HERAULT,133,1012,1432,64191.0,150469.0,44498,2682,86278.0
3092,3092,30119,463,997,153,30,34,Aimargues,Lunel,GARD,HERAULT,127,1116,1687,9525.0,14747.0,8851,830,5222.0
3093,3093,30119,34701,997,15,30,34,Aimargues,Montpellier,GARD,HERAULT,135,1116,1687,64191.0,150469.0,38937,2417,86278.0
3094,3094,30208,463,997,153,30,34,Sommières,Lunel,GARD,HERAULT,104,1833,2676,9525.0,14747.0,14396,1204,5222.0
3095,3095,30208,34701,997,15,30,34,Sommières,Montpellier,GARD,HERAULT,289,1833,2676,64191.0,150469.0,36858,2505,86278.0
3096,3096,30210,362,435,282,30,34,Aigues-Mortes,Le Grau-du-Roi,GARD,HERAULT,760,1936,3408,1448.0,2716.0,5976,498,1268.0
3097,3097,30210,34701,435,15,30,34,Aigues-Mortes,Montpellier,GARD,HERAULT,360,1936,3408,64191.0,150469.0,34128,2285,86278.0
3098,3098,30211,34701,997,15,30,34,Vergèze,Montpellier,GARD,HERAULT,122,2434,3348,64191.0,150469.0,40869,2506,86278.0
3099,3099,30302,34701,997,15,30,34,Vauvert,Montpellier,GARD,HERAULT,159,2326,3760,64191.0,150469.0,43488,2761,86278.0
3100,3100,30501,34701,78,15,30,34,Alès,Montpellier,GARD,HERAULT,121,18193,31400,64191.0,150469.0,94225,4576,86278.0
3101,3101,30601,463,40,153,30,34,Nîmes,Lunel,GARD,HERAULT,118,19476,61633,9525.0,14747.0,33459,2197,5222.0
3102,3102,30601,34701,40,15,30,34,Nîmes,Montpellier,GARD,HERAULT,1112,19476,61633,64191.0,150469.0,55700,3349,86278.0
3213,3213,456,552,200,141,30,13,Beaucaire,Arles,GARD,BOUCHES-DU-RHONE,693,2701,5601,5503.0,18994.0,18932,1430,13491.0
3214,3214,456,13302,200,319,30,13,Beaucaire,Saint-Rémy-de-Provence,GARD,BOUCHES-DU-RHONE,187,2701,5601,2629.0,5373.0,17247,1447,2744.0
3215,3215,552,456,141,200,30,13,Arles,Beaucaire,GARD,BOUCHES-DU-RHONE,417,1084,1340,2308.0,4448.0,17057,1367,2140.0
3217,3217,552,759,141,3,30,13,Arles,Marseille - Aix-en-Provence,GARD,BOUCHES-DU-RHONE,1115,1084,1340,268025.0,591048.0,79518,3246,323023.0
3218,3218,552,13106,141,997,30,13,Arles,Fontvieille,GARD,BOUCHES-DU-RHONE,117,1084,1340,947.0,1371.0,10553,1099,424.0
3219,3219,552,13214,141,412,30,13,Arles,Port-Saint-Louis-du-Rhône,GARD,BOUCHES-DU-RHONE,216,1084,1340,1129.0,3036.0,40292,2214,1907.0
3220,3220,552,13301,141,997,30,13,Arles,Saint-Martin-de-Crau,GARD,BOUCHES-DU-RHONE,902,1084,1340,2439.0,4365.0,19307,1156,1926.0
3221,3221,552,13302,141,319,30,13,Arles,Saint-Rémy-de-Provence,GARD,BOUCHES-DU-RHONE,124,1084,1340,2629.0,5373.0,26150,1964,2744.0
3222,3222,552,13501,141,143,30,13,Arles,Salon-de-Provence,GARD,BOUCHES-DU-RHONE,151,1084,1340,12526.0,23287.0,43550,2152,10761.0
3223,3223,754,456,16,200,30,13,Avignon,Beaucaire,GARD,BOUCHES-DU-RHONE,104,6341,8488,2308.0,4448.0,25093,1579,2140.0
3224,3224,754,759,16,3,30,13,Avignon,Marseille - Aix-en-Provence,GARD,BOUCHES-DU-RHONE,154,6341,8488,268025.0,591048.0,90929,3562,323023.0
3225,3225,754,13302,16,319,30,13,Avignon,Saint-Rémy-de-Provence,GARD,BOUCHES-DU-RHONE,695,6341,8488,2629.0,5373.0,24811,1729,2744.0
3226,3226,754,13501,16,143,30,13,Avignon,Salon-de-Provence,GARD,BOUCHES-DU-RHONE,103,6341,8488,12526.0,23287.0,54207,2531,10761.0
3227,3227,30109,456,997,200,30,13,Jonquières-Saint-Vincent,Beaucaire,GARD,BOUCHES-DU-RHONE,254,900,1271,2308.0,4448.0,8144,783,2140.0
3228,3228,30205,456,997,200,30,13,Bellegarde,Beaucaire,GARD,BOUCHES-DU-RHONE,171,1737,2586,2308.0,4448.0,13209,925,2140.0
3229,3229,30205,552,997,141,30,13,Bellegarde,Arles,GARD,BOUCHES-DU-RHONE,341,1737,2586,5503.0,18994.0,15458,1091,13491.0
3230,3230,30206,456,997,200,30,13,Montfrin,Beaucaire,GARD,BOUCHES-DU-RHONE,228,2141,2754,2308.0,4448.0,13190,1013,2140.0
3231,3231,30303,552,997,141,30,13,Saint-Gilles,Arles,GARD,BOUCHES-DU-RHONE,337,2502,4656,5503.0,18994.0,18248,1164,13491.0
3232,3232,30601,456,40,200,30,13,Nîmes,Beaucaire,GARD,BOUCHES-DU-RHONE,361,19476,61633,2308.0,4448.0,24870,2098,2140.0
3233,3233,30601,552,40,141,30,13,Nîmes,Arles,GARD,BOUCHES-DU-RHONE,324,19476,61633,5503.0,18994.0,33572,2064,13491.0
3235,3235,757,759,13,3,13,13,Toulon,Marseille - Aix-en-Provence,BOUCHES-DU-RHONE,BOUCHES-DU-RHONE,4454,7154,14063,268025.0,591048.0,24816,1592,323023.0
3236,3236,757,13202,13,3,13,13,Toulon,Roquefort-la-Bédoule,BOUCHES-DU-RHONE,BOUCHES-DU-RHONE,108,7154,14063,1606.0,2030.0,21847,1077,424.0
3237,3237,757,13211,13,3,13,13,Toulon,Cassis,BOUCHES-DU-RHONE,BOUCHES-DU-RHONE,193,7154,14063,1673.0,3129.0,28635,1640,1456.0
3238,3238,759,757,3,13,13,13,Marseille - Aix-en-Provence,Toulon,BOUCHES-DU-RHONE,BOUCHES-DU-RHONE,1187,268025,591048,7154.0,14063.0,28013,1640,6909.0
3240,3240,759,13203,3,3,13,13,Marseille - Aix-en-Provence,Puy-Sainte-Réparade,BOUCHES-DU-RHONE,BOUCHES-DU-RHONE,106,268025,591048,1433.0,2212.0,29075,1431,779.0
3241,3241,759,13205,3,3,13,13,Marseille - Aix-en-Provence,Saint-Cannat,BOUCHES-DU-RHONE,BOUCHES-DU-RHONE,145,268025,591048,1754.0,2336.0,22895,1384,582.0
3242,3242,759,13209,3,3,13,13,Marseille - Aix-en-Provence,Carnoux-en-Provence,BOUCHES-DU-RHONE,BOUCHES-DU-RHONE,132,268025,591048,2070.0,2863.0,47429,1947,793.0
3243,3243,759,13211,3,3,13,13,Marseille - Aix-en-Provence,Cassis,BOUCHES-DU-RHONE,BOUCHES-DU-RHONE,103,268025,591048,1673.0,3129.0,55268,2453,1456.0
3244,3244,759,13214,3,412,13,13,Marseille - Aix-en-Provence,Port-Saint-Louis-du-Rhône,BOUCHES-DU-RHONE,BOUCHES-DU-RHONE,462,268025,591048,1129.0,3036.0,71359,3159,1907.0
3245,3245,759,13301,3,997,13,13,Marseille - Aix-en-Provence,Saint-Martin-de-Crau,BOUCHES-DU-RHONE,BOUCHES-DU-RHONE,108,268025,591048,2439.0,4365.0,61582,2488,1926.0
3246,3246,759,13303,3,3,13,13,Marseille - Aix-en-Provence,Sausset-les-Pins - Carry-le-Rouet,BOUCHES-DU-RHONE,BOUCHES-DU-RHONE,171,268025,591048,4213.0,5296.0,31455,1449,1083.0
3247,3247,759,13501,3,143,13,13,Marseille - Aix-en-Provence,Salon-de-Provence,BOUCHES-DU-RHONE,BOUCHES-DU-RHONE,2131,268025,591048,12526.0,23287.0,39362,1957,10761.0
3248,3248,13102,13215,997,997,13,13,Charleval,Mallemort,BOUCHES-DU-RHONE,BOUCHES-DU-RHONE,116,768,1033,3121.0,4455.0,6388,531,1334.0
3249,3249,13103,13301,997,997,13,13,Mouriès,Saint-Martin-de-Crau,BOUCHES-DU-RHONE,BOUCHES-DU-RHONE,148,909,1404,2439.0,4365.0,9298,659,1926.0
3250,3250,13104,759,3,3,13,13,Coudoux,Marseille - Aix-en-Provence,BOUCHES-DU-RHONE,BOUCHES-DU-RHONE,575,1262,1548,268025.0,591048.0,24685,1276,323023.0
3251,3251,13105,552,997,141,13,13,Maussane-les-Alpilles,Arles,BOUCHES-DU-RHONE,BOUCHES-DU-RHONE,119,864,1365,5503.0,18994.0,22690,1508,13491.0
3252,3252,13106,552,997,141,13,13,Fontvieille,Arles,BOUCHES-DU-RHONE,BOUCHES-DU-RHONE,380,947,1371,5503.0,18994.0,10212,1090,13491.0
3253,3253,13107,759,3,3,13,13,Meyrargues,Marseille - Aix-en-Provence,BOUCHES-DU-RHONE,BOUCHES-DU-RHONE,680,1309,1633,268025.0,591048.0,25538,1232,323023.0
3254,3254,13108,759,3,3,13,13,Rove,Marseille - Aix-en-Provence,BOUCHES-DU-RHONE,BOUCHES-DU-RHONE,231,1445,1854,268025.0,591048.0,28676,1417,323023.0
3255,3255,13109,759,3,3,13,13,Rognes,Marseille - Aix-en-Provence,BOUCHES-DU-RHONE,BOUCHES-DU-RHONE,439,1245,1902,268025.0,591048.0,27664,1542,323023.0
3256,3256,13110,759,3,3,13,13,Cuges-les-Pins,Marseille - Aix-en-Provence,BOUCHES-DU-RHONE,BOUCHES-DU-RHONE,698,1724,2197,268025.0,591048.0,54117,2494,323023.0
3257,3257,13111,759,3,3,13,13,Ventabren,Marseille - Aix-en-Provence,BOUCHES-DU-RHONE,BOUCHES-DU-RHONE,656,1596,1884,268025.0,591048.0,15260,1274,323023.0
3258,3258,13201,759,997,3,13,13,La Roque-d'Anthéron,Marseille - Aix-en-Provence,BOUCHES-DU-RHONE,BOUCHES-DU-RHONE,444,1142,2101,268025.0,591048.0,36416,2080,323023.0
3259,3259,13202,757,3,13,13,13,Roquefort-la-Bédoule,Toulon,BOUCHES-DU-RHONE,BOUCHES-DU-RHONE,132,1606,2030,7154.0,14063.0,21312,1021,6909.0
3260,3260,13202,759,3,3,13,13,Roquefort-la-Bédoule,Marseille - Aix-en-Provence,BOUCHES-DU-RHONE,BOUCHES-DU-RHONE,396,1606,2030,268025.0,591048.0,50127,1921,323023.0
3261,3261,13203,759,3,3,13,13,Puy-Sainte-Réparade,Marseille - Aix-en-Provence,BOUCHES-DU-RHONE,BOUCHES-DU-RHONE,635,1433,2212,268025.0,591048.0,30220,1484,323023.0
3262,3262,13204,759,3,3,13,13,Ensuès-la-Redonne,Marseille - Aix-en-Provence,BOUCHES-DU-RHONE,BOUCHES-DU-RHONE,568,1925,2295,268025.0,591048.0,29237,1283,323023.0
3263,3263,13205,759,3,3,13,13,Saint-Cannat,Marseille - Aix-en-Provence,BOUCHES-DU-RHONE,BOUCHES-DU-RHONE,898,1754,2336,268025.0,591048.0,24324,1349,323023.0
3264,3264,13206,13501,997,143,13,13,Sénas,Salon-de-Provence,BOUCHES-DU-RHONE,BOUCHES-DU-RHONE,422,1754,2642,12526.0,23287.0,12602,1015,10761.0
3265,3265,13207,759,997,3,13,13,Eyguières,Marseille - Aix-en-Provence,BOUCHES-DU-RHONE,BOUCHES-DU-RHONE,267,2075,2785,268025.0,591048.0,52586,2476,323023.0
3266,3266,13207,13501,997,143,13,13,Eyguières,Salon-de-Provence,BOUCHES-DU-RHONE,BOUCHES-DU-RHONE,668,2075,2785,12526.0,23287.0,9499,961,10761.0
3267,3267,13208,759,3,3,13,13,La Fare-les-Oliviers,Marseille - Aix-en-Provence,BOUCHES-DU-RHONE,BOUCHES-DU-RHONE,1159,2375,3086,268025.0,591048.0,26356,1459,323023.0
3268,3268,13208,13501,3,143,13,13,La Fare-les-Oliviers,Salon-de-Provence,BOUCHES-DU-RHONE,BOUCHES-DU-RHONE,174,2375,3086,12526.0,23287.0,15273,1105,10761.0
3269,3269,13209,757,3,13,13,13,Carnoux-en-Provence,Toulon,BOUCHES-DU-RHONE,BOUCHES-DU-RHONE,125,2070,2863,7154.0,14063.0,20866,1127,6909.0
3270,3270,13209,759,3,3,13,13,Carnoux-en-Provence,Marseille - Aix-en-Provence,BOUCHES-DU-RHONE,BOUCHES-DU-RHONE,828,2070,2863,268025.0,591048.0,49681,2027,323023.0
3271,3271,13209,13211,3,3,13,13,Carnoux-en-Provence,Cassis,BOUCHES-DU-RHONE,BOUCHES-DU-RHONE,117,2070,2863,1673.0,3129.0,7229,803,1456.0
3272,3272,13210,759,3,3,13,13,Lançon-Provence,Marseille - Aix-en-Provence,BOUCHES-DU-RHONE,BOUCHES-DU-RHONE,1019,2826,3730,268025.0,591048.0,34569,1815,323023.0
3273,3273,13210,13501,3,143,13,13,Lançon-Provence,Salon-de-Provence,BOUCHES-DU-RHONE,BOUCHES-DU-RHONE,637,2826,3730,12526.0,23287.0,7985,764,10761.0
3274,3274,13211,757,3,13,13,13,Cassis,Toulon,BOUCHES-DU-RHONE,BOUCHES-DU-RHONE,200,1673,3129,7154.0,14063.0,28994,1657,6909.0
3275,3275,13211,759,3,3,13,13,Cassis,Marseille - Aix-en-Provence,BOUCHES-DU-RHONE,BOUCHES-DU-RHONE,437,1673,3129,268025.0,591048.0,57809,2557,323023.0
3276,3276,13212,759,3,3,13,13,Peyrolles-en-Provence,Marseille - Aix-en-Provence,BOUCHES-DU-RHONE,BOUCHES-DU-RHONE,1280,2780,3683,268025.0,591048.0,30148,1530,323023.0
3277,3277,13213,759,3,3,13,13,Lambesc,Marseille - Aix-en-Provence,BOUCHES-DU-RHONE,BOUCHES-DU-RHONE,1152,2684,3936,268025.0,591048.0,29562,1787,323023.0
3278,3278,13213,13205,3,3,13,13,Lambesc,Saint-Cannat,BOUCHES-DU-RHONE,BOUCHES-DU-RHONE,112,2684,3936,1754.0,2336.0,5238,438,582.0
3279,3279,13213,13501,3,143,13,13,Lambesc,Salon-de-Provence,BOUCHES-DU-RHONE,BOUCHES-DU-RHONE,280,2684,3936,12526.0,23287.0,16239,1261,10761.0
3280,3280,13214,552,412,141,13,13,Port-Saint-Louis-du-Rhône,Arles,BOUCHES-DU-RHONE,BOUCHES-DU-RHONE,109,1129,3036,5503.0,18994.0,40313,2131,13491.0
3281,3281,13214,759,412,3,13,13,Port-Saint-Louis-du-Rhône,Marseille - Aix-en-Provence,BOUCHES-DU-RHONE,BOUCHES-DU-RHONE,476,1129,3036,268025.0,591048.0,71306,3131,323023.0
3282,3282,13215,759,997,3,13,13,Mallemort,Marseille - Aix-en-Provence,BOUCHES-DU-RHONE,BOUCHES-DU-RHONE,336,3121,4455,268025.0,591048.0,58036,2458,323023.0
3283,3283,13215,13501,997,143,13,13,Mallemort,Salon-de-Provence,BOUCHES-DU-RHONE,BOUCHES-DU-RHONE,650,3121,4455,12526.0,23287.0,15961,1189,10761.0
3284,3284,13301,552,997,141,13,13,Saint-Martin-de-Crau,Arles,BOUCHES-DU-RHONE,BOUCHES-DU-RHONE,641,2439,4365,5503.0,18994.0,17955,988,13491.0
3285,3285,13301,759,997,3,13,13,Saint-Martin-de-Crau,Marseille - Aix-en-Provence,BOUCHES-DU-RHONE,BOUCHES-DU-RHONE,691,2439,4365,268025.0,591048.0,61686,2452,323023.0
3286,3286,13301,13501,997,143,13,13,Saint-Martin-de-Crau,Salon-de-Provence,BOUCHES-DU-RHONE,BOUCHES-DU-RHONE,142,2439,4365,12526.0,23287.0,25719,1359,10761.0
3287,3287,13302,456,319,200,13,13,Saint-Rémy-de-Provence,Beaucaire,BOUCHES-DU-RHONE,BOUCHES-DU-RHONE,129,2629,5373,2308.0,4448.0,16796,1373,2140.0
3288,3288,13302,552,319,141,13,13,Saint-Rémy-de-Provence,Arles,BOUCHES-DU-RHONE,BOUCHES-DU-RHONE,303,2629,5373,5503.0,18994.0,25129,1916,13491.0
3289,3289,13303,759,3,3,13,13,Sausset-les-Pins - Carry-le-Rouet,Marseille - Aix-en-Provence,BOUCHES-DU-RHONE,BOUCHES-DU-RHONE,1537,4213,5296,268025.0,591048.0,30988,1392,323023.0
3290,3290,13501,759,143,3,13,13,Salon-de-Provence,Marseille - Aix-en-Provence,BOUCHES-DU-RHONE,BOUCHES-DU-RHONE,4877,12526,23287,268025.0,591048.0,39795,1934,323023.0
3291,3291,13501,13206,143,997,13,13,Salon-de-Provence,Sénas,BOUCHES-DU-RHONE,BOUCHES-DU-RHONE,132,12526,23287,1754.0,2642.0,12504,1030,888.0
3292,3292,13501,13207,143,997,13,13,Salon-de-Provence,Eyguières,BOUCHES-DU-RHONE,BOUCHES-DU-RHONE,135,12526,23287,2075.0,2785.0,9312,1023,710.0
3293,3293,13501,13210,143,3,13,13,Salon-de-Provence,Lançon-Provence,BOUCHES-DU-RHONE,BOUCHES-DU-RHONE,365,12526,23287,2826.0,3730.0,8071,767,904.0
3294,3294,13501,13213,143,3,13,13,Salon-de-Provence,Lambesc,BOUCHES-DU-RHONE,BOUCHES-DU-RHONE,212,12526,23287,2684.0,3936.0,16961,1301,1252.0
3296,3296,84104,759,998,3,84,13,Villelaure,Marseille - Aix-en-Provence,VAUCLUSE,BOUCHES-DU-RHONE,284,1184,1492,268025.0,591048.0,35550,1755,323023.0
3297,3297,84108,759,0,3,84,13,La Tour-d'Aigues,Marseille - Aix-en-Provence,VAUCLUSE,BOUCHES-DU-RHONE,234,1024,1712,268025.0,591048.0,37397,1883,323023.0
3298,3298,84202,759,424,3,84,13,Cadenet,Marseille - Aix-en-Provence,VAUCLUSE,BOUCHES-DU-RHONE,350,2041,3138,268025.0,591048.0,41681,2077,323023.0
3299,3299,84303,759,997,3,84,13,Pertuis,Marseille - Aix-en-Provence,VAUCLUSE,BOUCHES-DU-RHONE,1753,4186,7612,268025.0,591048.0,32184,1567,323023.0
3300,3300,84303,13203,997,3,84,13,Pertuis,Puy-Sainte-Réparade,VAUCLUSE,BOUCHES-DU-RHONE,136,4186,7612,1433.0,2212.0,10788,832,779.0
3301,3301,83103,757,13,13,83,13,Néoules,Toulon,VAR,BOUCHES-DU-RHONE,176,796,1016,7154.0,14063.0,59963,3685,6909.0
3302,3302,83110,757,13,13,83,13,Rocbaron,Toulon,VAR,BOUCHES-DU-RHONE,268,1198,1441,7154.0,14063.0,101853,3968,6909.0
3303,3303,83111,757,13,13,83,13,Puget-Ville,Toulon,VAR,BOUCHES-DU-RHONE,631,1144,1493,7154.0,14063.0,90901,3741,6909.0
3304,3304,83113,757,997,13,83,13,Gonfaron,Toulon,VAR,BOUCHES-DU-RHONE,180,1061,1524,7154.0,14063.0,104523,4427,6909.0
3305,3305,83115,757,13,13,83,13,Forcalqueiret,Toulon,VAR,BOUCHES-DU-RHONE,152,1332,1637,7154.0,14063.0,96927,3665,6909.0
3306,3306,83116,759,3,3,83,13,Nans-les-Pins,Marseille - Aix-en-Provence,VAR,BOUCHES-DU-RHONE,113,1040,1476,268025.0,591048.0,61170,2556,323023.0
3307,3307,83117,759,3,3,83,13,Rians,Marseille - Aix-en-Provence,VAR,BOUCHES-DU-RHONE,288,1120,1644,268025.0,591048.0,46873,2762,323023.0
3308,3308,83118,759,3,3,83,13,Pourrières,Marseille - Aix-en-Provence,VAR,BOUCHES-DU-RHONE,538,1442,1888,268025.0,591048.0,35814,1745,323023.0
3309,3309,83201,757,13,13,83,13,Pierrefeu-du-Var,Toulon,VAR,BOUCHES-DU-RHONE,869,1564,2419,7154.0,14063.0,91361,3907,6909.0
3310,3310,83203,757,13,13,83,13,Garéoult,Toulon,VAR,BOUCHES-DU-RHONE,377,1391,1908,7154.0,14063.0,62972,3824,6909.0
3311,3311,83206,757,13,13,83,13,Carnoules,Toulon,VAR,BOUCHES-DU-RHONE,590,2605,3762,7154.0,14063.0,97571,3987,6909.0
3312,3312,83302,757,13,13,83,13,La Londe-les-Maures,Toulon,VAR,BOUCHES-DU-RHONE,1002,1768,3340,7154.0,14063.0,89195,4007,6909.0
3313,3313,83308,757,314,13,83,13,Bormes-les-Mimosas - Le Lavandou,Toulon,VAR,BOUCHES-DU-RHONE,147,1914,4649,7154.0,14063.0,102108,4795,6909.0
3314,3314,83309,759,3,3,83,13,Saint-Maximin-la-Sainte-Baume,Marseille - Aix-en-Provence,VAR,BOUCHES-DU-RHONE,915,3519,5792,268025.0,591048.0,50440,1942,323023.0
3315,3315,83401,757,244,13,83,13,Brignoles,Toulon,VAR,BOUCHES-DU-RHONE,101,3457,8070,7154.0,14063.0,85303,3197,6909.0
3316,3316,83501,757,110,13,83,13,Draguignan,Toulon,VAR,BOUCHES-DU-RHONE,104,14209,28494,7154.0,14063.0,139621,5165,6909.0
3318,3318,456,30601,200,40,30,30,Beaucaire,Nîmes,GARD,GARD,347,2701,5601,19476.0,61633.0,24854,2083,42157.0
3319,3319,463,30601,153,40,30,30,Lunel,Nîmes,GARD,GARD,907,2709,3591,19476.0,61633.0,32263,2125,42157.0
3320,3320,552,30601,141,40,30,30,Arles,Nîmes,GARD,GARD,305,1084,1340,19476.0,61633.0,32168,1989,42157.0
3321,3321,754,30401,16,240,30,30,Avignon,Bagnols-sur-Cèze,GARD,GARD,567,6341,8488,3880.0,7865.0,34555,2262,3985.0
3322,3322,754,30601,16,40,30,30,Avignon,Nîmes,GARD,GARD,141,6341,8488,19476.0,61633.0,45093,2720,42157.0
3323,3323,30101,30601,40,40,30,30,Bezouce,Nîmes,GARD,GARD,306,557,767,19476.0,61633.0,13107,1286,42157.0
3324,3324,30103,30601,40,40,30,30,Aubord,Nîmes,GARD,GARD,486,839,1086,19476.0,61633.0,12864,1290,42157.0
3325,3325,30104,30302,997,997,30,30,Le Cailar,Vauvert,GARD,GARD,101,829,1075,2326.0,3760.0,5757,626,1434.0
3326,3326,30104,30601,997,40,30,30,Le Cailar,Nîmes,GARD,GARD,145,829,1075,19476.0,61633.0,25589,2077,42157.0
3327,3327,30105,30401,997,240,30,30,Connaux,Bagnols-sur-Cèze,GARD,GARD,323,912,1087,3880.0,7865.0,8930,715,3985.0
3328,3328,30108,30601,40,40,30,30,Saint-Gervasy,Nîmes,GARD,GARD,548,1009,1323,19476.0,61633.0,11381,1182,42157.0
3329,3329,30109,30601,997,40,30,30,Jonquières-Saint-Vincent,Nîmes,GARD,GARD,214,900,1271,19476.0,61633.0,17174,1502,42157.0
3330,3330,30110,30601,40,40,30,30,Saint-Geniès-de-Malgoirès,Nîmes,GARD,GARD,468,1032,1386,19476.0,61633.0,22693,1777,42157.0
3331,3331,30111,30301,998,356,30,30,Saint-Quentin-la-Poterie,Uzès,GARD,GARD,418,945,1374,1920.0,3939.0,5828,680,2019.0
3332,3332,30112,30210,998,435,30,30,Saint-Laurent-d'Aigouze,Aigues-Mortes,GARD,GARD,110,1012,1432,1936.0,3408.0,9788,723,1472.0
3333,3333,30112,30601,998,40,30,30,Saint-Laurent-d'Aigouze,Nîmes,GARD,GARD,114,1012,1432,19476.0,61633.0,35794,2200,42157.0
3334,3334,30113,30302,40,997,30,30,Beauvoisin,Vauvert,GARD,GARD,122,1275,1683,2326.0,3760.0,8334,794,1434.0
3335,3335,30113,30601,40,40,30,30,Beauvoisin,Nîmes,GARD,GARD,556,1275,1683,19476.0,61633.0,18244,1724,42157.0
3336,3336,30114,30601,40,40,30,30,Clarensac,Nîmes,GARD,GARD,830,1290,1608,19476.0,61633.0,14882,1857,42157.0
3337,3337,30115,30601,40,40,30,30,Générac,Nîmes,GARD,GARD,728,1240,1736,19476.0,61633.0,16335,1573,42157.0
3338,3338,30118,30601,40,40,30,30,Poulx,Nîmes,GARD,GARD,975,1546,1878,19476.0,61633.0,11715,1303,42157.0
3339,3339,30119,30601,997,40,30,30,Aimargues,Nîmes,GARD,GARD,172,1116,1687,19476.0,61633.0,30234,1935,42157.0
3340,3340,30120,30601,40,40,30,30,Garons,Nîmes,GARD,GARD,812,1369,1779,19476.0,61633.0,11222,1062,42157.0
3341,3341,30121,30601,40,40,30,30,Calvisson,Nîmes,GARD,GARD,690,1629,2186,19476.0,61633.0,20096,1950,42157.0
3342,3342,30122,30601,40,40,30,30,Langlade,Nîmes,GARD,GARD,914,1646,1986,19476.0,61633.0,14477,1697,42157.0
3343,3343,30123,30601,997,40,30,30,Remoulins,Nîmes,GARD,GARD,249,1368,1967,19476.0,61633.0,27766,1740,42157.0
3344,3344,30202,30401,570,240,30,30,Laudun-l'Ardoise,Bagnols-sur-Cèze,GARD,GARD,361,1291,2625,3880.0,7865.0,11520,857,3985.0
3345,3345,30203,30601,40,40,30,30,Bouillargues,Nîmes,GARD,GARD,1184,1976,2576,19476.0,61633.0,7999,932,42157.0
3346,3346,30205,30601,997,40,30,30,Bellegarde,Nîmes,GARD,GARD,452,1737,2586,19476.0,61633.0,16681,1338,42157.0
3347,3347,30206,30601,997,40,30,30,Montfrin,Nîmes,GARD,GARD,304,2141,2754,19476.0,61633.0,23638,1951,42157.0
3349,3349,30210,30601,435,40,30,30,Aigues-Mortes,Nîmes,GARD,GARD,116,1936,3408,19476.0,61633.0,44270,2639,42157.0
3351,3351,30211,30601,997,40,30,30,Vergèze,Nîmes,GARD,GARD,563,2434,3348,19476.0,61633.0,19724,1845,42157.0
3352,3352,30212,30601,40,40,30,30,Manduel,Nîmes,GARD,GARD,1550,2878,3696,19476.0,61633.0,10597,1075,42157.0
3354,3354,30213,30501,997,78,30,30,La Grand-Combe,Alès,GARD,GARD,587,1521,2270,18193.0,31400.0,13776,1007,13207.0
3356,3356,30301,30601,356,40,30,30,Uzès,Nîmes,GARD,GARD,205,1920,3939,19476.0,61633.0,25155,2147,42157.0
3357,3357,30302,30119,997,997,30,30,Vauvert,Aimargues,GARD,GARD,137,2326,3760,1116.0,1687.0,6628,673,571.0
3358,3358,30302,30211,997,997,30,30,Vauvert,Vergèze,GARD,GARD,260,2326,3760,2434.0,3348.0,8741,714,914.0
3359,3359,30302,30601,997,40,30,30,Vauvert,Nîmes,GARD,GARD,742,2326,3760,19476.0,61633.0,21981,1876,42157.0
3360,3360,30303,30120,997,40,30,30,Saint-Gilles,Garons,GARD,GARD,138,2502,4656,1369.0,1779.0,13649,884,410.0
3361,3361,30303,30601,997,40,30,30,Saint-Gilles,Nîmes,GARD,GARD,1027,2502,4656,19476.0,61633.0,21961,1709,42157.0
3363,3363,30304,30401,299,240,30,30,Pont-Saint-Esprit,Bagnols-sur-Cèze,GARD,GARD,563,3839,5754,3880.0,7865.0,12327,1205,3985.0
3364,3364,30401,30202,240,570,30,30,Bagnols-sur-Cèze,Laudun-l'Ardoise,GARD,GARD,399,3880,7865,1291.0,2625.0,11320,790,1334.0
3365,3365,30401,30304,240,299,30,30,Bagnols-sur-Cèze,Pont-Saint-Esprit,GARD,GARD,161,3880,7865,3839.0,5754.0,12148,1153,1915.0
3367,3367,30501,30213,78,997,30,30,Alès,La Grand-Combe,GARD,GARD,193,18193,31400,1521.0,2270.0,13463,937,749.0
3369,3369,30501,30601,78,40,30,30,Alès,Nîmes,GARD,GARD,767,18193,31400,19476.0,61633.0,44507,2553,42157.0
3370,3370,30601,30120,40,40,30,30,Nîmes,Garons,GARD,GARD,345,19476,61633,1369.0,1779.0,11417,1158,410.0
3371,3371,30601,30203,40,40,30,30,Nîmes,Bouillargues,GARD,GARD,236,19476,61633,1976.0,2576.0,9032,1117,600.0
3372,3372,30601,30211,40,997,30,30,Nîmes,Vergèze,GARD,GARD,119,19476,61633,2434.0,3348.0,19800,1820,914.0
3373,3373,30601,30212,40,40,30,30,Nîmes,Manduel,GARD,GARD,113,19476,61633,2878.0,3696.0,10404,1052,818.0
3374,3374,30601,30301,40,356,30,30,Nîmes,Uzès,GARD,GARD,293,19476,61633,1920.0,3939.0,24404,1975,2019.0
3375,3375,30601,30302,40,997,30,30,Nîmes,Vauvert,GARD,GARD,187,19476,61633,2326.0,3760.0,23139,1978,1434.0
3376,3376,30601,30303,40,997,30,30,Nîmes,Saint-Gilles,GARD,GARD,198,19476,61633,2502.0,4656.0,22508,1781,2154.0
3377,3377,30601,30501,40,78,30,30,Nîmes,Alès,GARD,GARD,337,19476,61633,18193.0,31400.0,42937,2337,13207.0
3382,3382,757,83107,13,997,13,83,Toulon,Signes,BOUCHES-DU-RHONE,VAR,420,7154,14063,765.0,1254.0,44568,2676,489.0
3383,3383,757,83201,13,13,13,83,Toulon,Pierrefeu-du-Var,BOUCHES-DU-RHONE,VAR,266,7154,14063,1564.0,2419.0,90587,3704,855.0
3384,3384,757,83302,13,13,13,83,Toulon,La Londe-les-Maures,BOUCHES-DU-RHONE,VAR,366,7154,14063,1768.0,3340.0,89175,3920,1572.0
3385,3385,757,83308,13,314,13,83,Toulon,Bormes-les-Mimosas - Le Lavandou,BOUCHES-DU-RHONE,VAR,317,7154,14063,1914.0,4649.0,101787,4653,2735.0
3386,3386,83102,83502,997,94,83,83,Bagnols-en-Forêt,Fréjus,VAR,VAR,132,616,881,13539.0,31844.0,17317,1443,18305.0
3387,3387,83104,83501,110,110,83,83,Figanières,Draguignan,VAR,VAR,388,711,973,14209.0,28494.0,8617,891,14285.0
3388,3388,83105,83502,7,94,83,83,Adrets-de-l'Estérel,Fréjus,VAR,VAR,100,880,1220,13539.0,31844.0,25407,2686,18305.0
3389,3389,83106,83305,998,361,83,83,Plan-de-la-Tour,Cogolin,VAR,VAR,100,744,1222,2532.0,4777.0,14881,1307,2245.0
3390,3390,83106,83310,998,272,83,83,Plan-de-la-Tour,Sainte-Maxime,VAR,VAR,350,744,1222,2315.0,6560.0,9370,886,4245.0
3391,3391,83108,83401,997,244,83,83,Flassans-sur-Issole,Brignoles,VAR,VAR,183,803,1137,3457.0,8070.0,14437,1003,4613.0
3392,3392,83110,83401,13,244,83,83,Rocbaron,Brignoles,VAR,VAR,109,1198,1441,3457.0,8070.0,16571,1078,4613.0
3393,3393,83113,83307,997,323,83,83,Gonfaron,Luc,VAR,VAR,143,1061,1524,2599.0,4728.0,9434,746,2129.0
3394,3394,83115,83401,13,244,83,83,Forcalqueiret,Brignoles,VAR,VAR,235,1332,1637,3457.0,8070.0,11644,776,4613.0
3395,3395,83119,83309,3,3,83,83,Tourves,Saint-Maximin-la-Sainte-Baume,VAR,VAR,302,1453,1902,3519.0,5792.0,7703,635,2273.0
3396,3396,83119,83401,3,244,83,83,Tourves,Brignoles,VAR,VAR,291,1453,1902,3457.0,8070.0,11955,844,4613.0
3397,3397,83202,83501,585,110,83,83,Salernes,Draguignan,VAR,VAR,177,847,2005,14209.0,28494.0,22441,1699,14285.0
3398,3398,83203,83401,13,244,83,83,Garéoult,Brignoles,VAR,VAR,240,1391,1908,3457.0,8070.0,15170,1077,4613.0
3399,3399,83204,83401,0,244,83,83,Carcès,Brignoles,VAR,VAR,139,1075,2171,3457.0,8070.0,17757,1429,4613.0
3401,3401,83205,83301,7,997,83,83,Montauroux,Fayence,VAR,VAR,102,2358,3551,2234.0,3936.0,7780,968,1702.0
3402,3402,83206,83401,13,244,83,83,Carnoules,Brignoles,VAR,VAR,141,2605,3762,3457.0,8070.0,22480,1466,4613.0
3404,3404,83207,83304,379,368,83,83,Cavalaire-sur-Mer,Saint-Tropez,VAR,VAR,408,1542,3639,1384.0,3777.0,17427,1766,2393.0
3405,3405,83207,83305,379,361,83,83,Cavalaire-sur-Mer,Cogolin,VAR,VAR,132,1542,3639,2532.0,4777.0,13576,1381,2245.0
3406,3406,83301,83205,997,7,83,83,Fayence,Montauroux,VAR,VAR,150,2234,3936,2358.0,3551.0,7860,911,1193.0
3408,3408,83303,83501,997,110,83,83,Lorgues,Draguignan,VAR,VAR,646,2073,3698,14209.0,28494.0,13974,1331,14285.0
3410,3410,83305,83207,361,379,83,83,Cogolin,Cavalaire-sur-Mer,VAR,VAR,137,2532,4777,1542.0,3639.0,14448,1513,2097.0
3411,3411,83305,83304,361,368,83,83,Cogolin,Saint-Tropez,VAR,VAR,1438,2532,4777,1384.0,3777.0,11382,1242,2393.0
3412,3412,83305,83310,361,272,83,83,Cogolin,Sainte-Maxime,VAR,VAR,598,2532,4777,2315.0,6560.0,13094,1519,4245.0
3413,3413,83306,83310,997,272,83,83,Roquebrune-sur-Argens,Sainte-Maxime,VAR,VAR,211,3150,5108,2315.0,6560.0,21223,1722,4245.0
3414,3414,83306,83501,997,110,83,83,Roquebrune-sur-Argens,Draguignan,VAR,VAR,267,3150,5108,14209.0,28494.0,22070,1837,14285.0
3415,3415,83306,83502,997,94,83,83,Roquebrune-sur-Argens,Fréjus,VAR,VAR,1935,3150,5108,13539.0,31844.0,12721,1153,18305.0
3417,3417,83307,83401,323,244,83,83,Luc,Brignoles,VAR,VAR,132,2599,4728,3457.0,8070.0,23394,1414,4613.0
3418,3418,83307,83501,323,110,83,83,Luc,Draguignan,VAR,VAR,116,2599,4728,14209.0,28494.0,37152,2149,14285.0
3420,3420,83309,83401,3,244,83,83,Saint-Maximin-la-Sainte-Baume,Brignoles,VAR,VAR,361,3519,5792,3457.0,8070.0,20306,1079,4613.0
3421,3421,83310,83304,272,368,83,83,Sainte-Maxime,Saint-Tropez,VAR,VAR,789,2315,6560,1384.0,3777.0,15372,1931,2393.0
3422,3422,83310,83305,272,361,83,83,Sainte-Maxime,Cogolin,VAR,VAR,425,2315,6560,2532.0,4777.0,13403,1449,2245.0
3424,3424,83310,83502,272,94,83,83,Sainte-Maxime,Fréjus,VAR,VAR,105,2315,6560,13539.0,31844.0,22740,2018,18305.0
3425,3425,83401,83307,244,323,83,83,Brignoles,Luc,VAR,VAR,121,3457,8070,2599.0,4728.0,23926,1359,2129.0
3426,3426,83401,83309,244,3,83,83,Brignoles,Saint-Maximin-la-Sainte-Baume,VAR,VAR,180,3457,8070,3519.0,5792.0,21295,1128,2273.0
3428,3428,83501,83303,110,997,83,83,Draguignan,Lorgues,VAR,VAR,205,14209,28494,2073.0,3698.0,13443,1234,1625.0
3429,3429,83501,83306,110,997,83,83,Draguignan,Roquebrune-sur-Argens,VAR,VAR,246,14209,28494,3150.0,5108.0,22812,1818,1958.0
3430,3430,83501,83307,110,323,83,83,Draguignan,Luc,VAR,VAR,436,14209,28494,2599.0,4728.0,36726,2119,2129.0
3431,3431,83501,83310,110,272,83,83,Draguignan,Sainte-Maxime,VAR,VAR,119,14209,28494,2315.0,6560.0,33955,2344,4245.0
3433,3433,83501,83502,110,94,83,83,Draguignan,Fréjus,VAR,VAR,2181,14209,28494,13539.0,31844.0,31706,2153,18305.0
3434,3434,83502,83306,94,997,83,83,Fréjus,Roquebrune-sur-Argens,VAR,VAR,701,13539,31844,3150.0,5108.0,12199,1166,1958.0
3435,3435,83502,83310,94,272,83,83,Fréjus,Sainte-Maxime,VAR,VAR,193,13539,31844,2315.0,6560.0,21615,1964,4245.0
3436,3436,83502,83501,94,110,83,83,Fréjus,Draguignan,VAR,VAR,459,13539,31844,14209.0,28494.0,29928,2081,14285.0
3635,3635,759,4401,3,176,13,4,Marseille - Aix-en-Provence,Manosque,BOUCHES-DU-RHONE,ALPES-DE-HAUTE-PROVENCE,125,268025,591048,5074.0,11305.0,64942,2715,6231.0
3636,3636,83112,4401,0,176,83,4,Vinon-sur-Verdon,Manosque,VAR,ALPES-DE-HAUTE-PROVENCE,286,1115,1761,5074.0,11305.0,16239,1284,6231.0
3681,3681,83105,6701,7,7,83,6,Adrets-de-l'Estérel,Nice,VAR,ALPES-MARITIMES,320,880,1220,178831.0,379864.0,55955,3948,201033.0
3682,3682,83205,6701,7,7,83,6,Montauroux,Nice,VAR,ALPES-MARITIMES,428,2358,3551,178831.0,379864.0,60824,3215,201033.0
3683,3683,83301,6701,997,7,83,6,Fayence,Nice,VAR,ALPES-MARITIMES,157,2234,3936,178831.0,379864.0,65598,3564,201033.0
3684,3684,83502,6701,94,7,83,6,Fréjus,Nice,VAR,ALPES-MARITIMES,1038,13539,31844,178831.0,379864.0,64684,3177,201033.0
